razon_social,establecimiento,id_depto,nombre_rubro
ADD CROPS S.A.,BARADERO 1,06070,AGRICULTURA
ADD CROPS S.A.,BARADERO 2,06070,AGRICULTURA
ADD CROPS S.A.,EL BUEN RETIRO,06070,AGRICULTURA
AGRICOLA EL HORIZONTE S.A.,EL RELINCHO,06049,AGRICULTURA
AGRICOLA EL HORIZONTE S.A.,EL HORIZONTE,06049,AGRICULTURA
AGRO ROSSI S.H.,DON GISLENO,06070,AGRICULTURA
AGRO ROSSI S.H.,ONELIA,06875,AGRICULTURA
ALVAREZ ANA MARIA,EL PAMPA ORGANICO,18105,FRUTICULTURA/HORTICULTURA
ANIJG AGENCY S.A.,EL FORTIN,54112,GANADERIA
ARBE JUAN LUCAS,NATURAL PAMPA,06049,FRUTICULTURA/HORTICULTURA
ARGENTINA SPECIALITY S.R.L.,LA MORENITA,70126,FRUTICULTURA/HORTICULTURA
AUTOSOL PARTS S.A.,SAN JOSE,54112,FRUTICULTURA/HORTICULTURA
BANDERITAS S.A.,JUAN ALBERTO,06329,AGRICULTURA
BANDERITAS S.A.,SANTA RITA,06189,AGRICULTURA
BANDERITAS S.A.,LA COLORADA,54112,AGRICULTURA
BANDERITAS S.A.,LA NELIDA,06441,AGRICULTURA
BARRETO JORGE JAVIER,LOS ARANDANALES,06441,FRUTICULTURA/HORTICULTURA
BERRIES PREMIUM SA,BERRIES PREMIUM,06134,FRUTICULTURA/HORTICULTURA
BIANCHI FERNANDO LUIS,"""LA JULIA"" Y ""LA JULITA""",74021,GANADERIA
BIOLIVE S.A.,EL PIAL,62007,AGRICULTURA
BORCHARDT FRANCISCO,ORGANIC ORCHARD,06791,FRUTICULTURA/HORTICULTURA
BUENA TIERRA SRL.,SANTA LUCIA,18063,FRUTICULTURA/HORTICULTURA
CHACRA RUMFE SRL,CHACRA RUMFE,18105,AGRICULTURA
CIDEL ORGANICA S.R.L.,QUINTA 462,54112,HORTICULTURA
CIDEL ORGANICA SRL,LA ANUNCIACION QUINTA 2,06875,HORTICULTURA
COOPERATIVA GRANJERA ENTRERIANA DE CHACRAS ORGANICAS LTDA.,EL SEÑUELO,74028,GANADERIA
"CORDOBA, MIGUEL ANGEL",EL 48,06224,AGRICULTURA
COSUFRUTOS SA,PUENTE VIEJO,18105,FRUTICULTURA
DON ALEJO SA,LAUQUEN,06280,AGRICULTURA
DON ALEJO SA,LA TAPERA,06014,AGRICULTURA
DON JACINTO SAAYC,PILLAHUINCO,06672,AGRICULTURA
EBERLING FELICIANO,LA AVENTURA,06070,AGRICULTURA
EBERLING FELICIANO,LA QUEBRADA,06070,AGRICULTURA
EDCO GRAINS S.A.,LA UNION,06070,AGRICULTURA
EDCO GRAINS S.A.,LA ELVIRA,06049,AGRICULTURA
EL CASERIO ORGANICO S.H.,MARIA ALBINA I  Y LA AMELIA,06455,AGRICULTURA
EL KIWAL DE MACEDO S.A.,DON GUILLERMO,06455,FRUTICULTURA
EL REFUGIO DE CARLOS S.A.,LOS TAMARISCOS (ANIMAL),06455,GANADERIA
"ETCHEBEST, PEDRO GASTON",DOÑA FRANCISCA,06455,FRUTICULTURA
FERRARI CRISTHIAN DANIEL,FERRARI,06672,AGRICULTURA
GARAT ALBERTO ADOLFO,MI SUEÑO,06638,AGRICULTURA
GARRIDO STELLA MARIS,LOS OSOS,06700,GANADERIA
GILARDI SEBASTIAN,DON LUIS,74028,AGRICULTURA
GIMAI SA,LA AMISTAD,74028,HORTICULTURA
GONZALEZ ELVIO,VILLA BALLESTER,74028,AGRICULTURA
GONZALEZ ELVIO,LAS CIEN,06224,AGRICULTURA
GONZALEZ ELVIO,EX ARTEL,06189,AGRICULTURA
GONZALEZ ZUGASTI ESTEBAN ANTONIO,PAITITI,06833,AGRICULTURA
HUENU CRESTA Y MUTICIA CRESTA SH,CANDELA,70126,GANADERIA
ILGNER HECTOR,LA GABRIELITA,82077,AGRICULTURA
ILGNER OSCAR FELIPE,SAN AGUSTIN,06049,HORTICULTURA
ILGNER RAUL ALBERTO,FRUTO DE LA FE,06049,AGRICULTURA
ILGNER SEBASTIAN,LOS MEXICANOS,06455,AGRICULTURA
INNOCENTI MONICA,KIWI Y CHAMPIGNON,06455,FRUTICULTURA/HORTICULTURA
INTERRUPCION S.A.,LAS LOMAS,06672,AGRICULTURA
"JAÑEZ, MARIA PILAR",EL CHARA,06791,GANADERIA
KROHN ARNOLDO Y MARTIN LUIS ENRIQUE SH,EL SATELITE,54112,AGRICULTURA
KROHN ARNOLDO Y MARTIN LUIS ENRIQUE SH,MARY YAN,06441,AGRICULTURA
HIGH DOOR S.A.,TALLO VERDE,10105,FRUTICULTURA/HORTICULTURA
KUMAGRO S.A.,LOS PINOS,10105,AGRICULTURA
KUMAGRO S.A.,LA LUCIA II,10112,AGRICULTURA
KUMAGRO S.A.,MAC GRATH,50042,AGRICULTURA
KUMAGRO S.A.,LOS PARAISOS,14028,AGRICULTURA
KUMAGRO S.A.,LA BLANQUEADA,90084,AGRICULTURA
KUMAGRO S.A.,OJEA,18007,AGRICULTURA
LA CATALINA SCA,LA CATALINA ORGANICA,18007,AGRICULTURA/GANADERIA
LA VENTURA & ASOCIADOS S.A.,LA VENTURA Y LA MARIA SUR,66049,GANADERIA
LAFONTAINE SILVIA ELENA,LA MADRECITA,66049,AGRICULTURA
LAVANDAS DE LAS SIERRAS S.R.L.,EL PANTANOSO,66049,AGRICULTURA
"LIMARDO, RAFAEL OSVALDO",LA SALADA,66049,AGRICULTURA/GANADERIA
"LIN, SANTIAGO",SANTIAGO LIN,66049,HORTICULTURA
LOVINAC S.A.,TRES MARIAS,66049,GANADERIA
LUIS A. DUCRET Y CIA. S.A.,GARIBALDI,66049,AGRICULTURA
LUIS A. DUCRET Y CIA. S.A.,EL PUESTO,26021,AGRICULTURA
LUIS A. DUCRET Y CIA. S.A.,EL RADAR,26098,AGRICULTURA
MAGADAN LOPEZ MAXIMO PEDRO,LA VENTURA - SANTA BENITA,26049,APICULTURA
MAGADAN LOPEZ MAXIMO PEDRO,SANTA BENITA,26049,GANADERIA
"MAZAIRA, GUILLERMO A.",CHACRA G Y K,26098,AGRICULTURA
MICAELA ANDREA SASAKI,CULTIVOS ORGANICOS SASAKI,26056,AGRICULTURA
MIRTA LOPEZ,REDONDEL,26021,AGRICULTURA
MISKA SA,SAN LUIS,26007,AGRICULTURA
MISKA SA,DON GREGORIO,26021,AGRICULTURA
MISKA SA,BREIZH,26070,AGRICULTURA
MISKA SA,LOS VERDES,26042,AGRICULTURA
MISKA SA,CONSTANTIN,26042,AGRICULTURA
MISKA SA,LOIZA,30105,AGRICULTURA
MOA INTERNACIONAL A.C. DE FILOSOFIA Y CULTURA,ZUISENKIO DERQUI,50042,HORTICULTURA
NEO ARGENTO SC,LAS TRES NENAS,30015,AGRICULTURA
NOVICK PABLO HORACIO,EL CUADRO DEL VASCO,50042,AGRICULTURA
NOVICK PABLO HORACIO,EL VASQUITO,30015,AGRICULTURA
"PERASSO, EMILIO CESAR",LA AMELIA,50042,AGRICULTURA
PETROAGRO S.A.,DON BENEDETTO,30015,AGRICULTURA
PETROAGRO S.A.,SAN JUAN,30098,AGRICULTURA
PETROAGRO S.A.,HURE,30015,AGRICULTURA
PETROAGRO S.A.,SAN CARLOS,30049,AGRICULTURA
PETROAGRO S.A.,LOS VASQUITOS,30049,AGRICULTURA
PETROAGRO S.A.,SIVORI,30015,AGRICULTURA
"PROVERBIO, JUAN MARIANO",LOTE 111,30015,AGRICULTURA
"PROVERBIO, JUAN MARIANO","PROVERBIO, JUAN MARIANO",30098,HORTICULTURA
PROVIDENCE SA,LA ISLA,30015,AGRICULTURA/GANADERIA
PROVIDENCE SA,SANTA ELENA,30015,AGRICULTURA/GANADERIA
RIVARA S.A.,LAS NUTRIAS,30015,AGRICULTURA
RIVARA S.A.,LA MARTITA,30015,AGRICULTURA
RIVARA S.A.,EL FORTIN Y LOS MEDANOS,30015,AGRICULTURA
RIVARA S.A.,EL ROSARIO (MANUBI),30015,AGRICULTURA
RIVARA S.A.,LA ADELINA,30035,AGRICULTURA
RIVARA S.A.,10 DE JUNIO,22126,AGRICULTURA
RIVARA S.A.,MAMA CAROLINA,34049,AGRICULTURA
RIVARA S.A.,LA LUISA,54112,AGRICULTURA
RODOLFO UNGARO Y CIA S.A.,ARMONIA - LAS 150 - EL MORO,38014,GANADERIA
ROLAND MOHLE/CORINA KEYMER DE MOHLE,ROCO,38014,FRUTICULTURA/HORTICULTURA
"ROSSI, PILADE QUINTO",EL CHAPARRAL,38014,AGRICULTURA
"ROSSI, PILADE QUINTO",LA ALCANCIA,46007,AGRICULTURA
SASAKI NOOSAN SRL,SASAKI NOOSAN SRL,46007,HORTICULTURA
SOYAPAMPA S.A.,EL REZONGO,46028,AGRICULTURA
SOYAPAMPA SA,VIMANEMAR,46007,AGRICULTURA
SOYAPAMPA SA,LAS MARIAS,46007,AGRICULTURA
SOYAPAMPA SA,LA PICASA,46007,AGRICULTURA
SOYAPAMPA SA,EL CARDALITO,66154,AGRICULTURA
SOYAPAMPA SA,BUENA ESPERANZA,66154,AGRICULTURA
TANDIL VACARA SRL,SAN MIGUEL,66154,GANADERIA
TENAX S.A.,FINCA DON PEDRO,50105,FRUTICULTURA/HORTICULTURA
TESTONI VICTOR,ARCOS DEL INTI - PRODUCTOR,50056,HORTICULTURA
"VEXENAT PABLO C., FONTENLA DIEGO A.(AGROINDECO SRL) Y GIACHETTI WALTER",PURO CAMPO,50126,AGRICULTURA
VIRTUD SA,EL CICLON LOTE 1,50042,AGRICULTURA
BUSTAMANTE LUIS,FINCAS DON ROGELIO,18112,FRUTICULTURA/HORTICULTURA
FRUTOS DEL NORTE SA,FRUTOS DEL NORTE S.A.,86154,FRUTICULTURA
LA BUENA VIDA S.R.L.,RIO SINGUIL,66154,AGRICULTURA
LA BUENA VIDA S.R.L.,DON MIGUEL,50105,AGRICULTURA
LA LUNA DE CATAMARCA SA,GRUPO AO,50126,FRUTICULTURA
LA OVEJERIA CONSTRUCCIONES S.R.L.,EL BAÑADO,66154,AGRICULTURA
OLIVARES DE POMAN SA,COMPLEJO OLIVICOLA SAN JOSE,86154,FRUTICULTURA
OLIVAS AL MUNDO S.A.,OLIVAS AL MUNDO (CAMPO),86154,AGRICULTURA
AGRO PROFESIONAL SA,LOSITA,50105,AGRICULTURA
CONOSUR FOODS ARGENTINA SRL,ROBLEDO,50126,AGRICULTURA
DE ZARATE MARCOS SEBASTIAN,MARCOS DE ZARATE,50126,HORTICULTURA
FOUNDATION RACHEL Y PAMELA SCHIELE,LAS DOS HERMANAS,50105,AGRICULTURA/GANADERIA
FRANCO BATAN Y ROSA SIGISMUNDI S.H.,BIO HONEY,66154,APICULTURA
HUANQUI S.A.,ALTOS VERDES,50105,AGRICULTURA
LA MECO S.R.L,LA PASCUALINA,50021,FRUTICULTURA/HORTICULTURA
MARIA ELVIRA SAGASTI,ARCA DEL SOL,50105,AGICULTURA/HORTICULTURA
OLIVARES Y VIÑEDOS SAN NICOLAS S.A.,OLIVARES Y VIÑEDOS SAN NICOLAS,50112,FRUTICULTURA/HORTICULTURA
POSTEL SA,LAS GAVIOTAS,50042,GANADERIA
PRONUT SRL,LA MORA,50112,AGRICULTURA
RAFAGOS SA,LAS PALOMAS,50112,AGRICULTURA
SARDI JOSE LUIS,COLMENARES ELCANO,50112,APICULTURA
WELEDA S.A.,WELEDA,50112,HORTICULTURA
ECA  SA,LA VICTORINA,50021,FRUTICULTURA
FEYEN ROBERTO,MARIA ANGELICA,86154,FRUTICULTURA/HORTICULTURA
GONCALVEZ ARTURO ELIAS,ESTANCIA SANTA ANA,86154,AGRICULTURA
GUIDOBONO JOSE MARIA,CAMPO AFUERA,50112,AGRICULTURA
GUIDOBONO JOSE MARIA,TUNAS,50126,AGRICULTURA
KITASAN S.A.,KITASAN,50042,AGRICULTURA
RIGO MARQUES GILMAR,PIRAYU,86154,AGRICULTURA
"RODRIGUEZ BASIGALUP , HECTOR M.",LIMONES DEL SOL 1 Y 2,50126,FRUTICULTURA
BIO AGRICULTORES S.A.,CAMPO CHACO,50049,FRUTICULTURA/HORTICULTURA
BIO AGRICULTORES S.A.,CAMPO PALOMO,50105,FRUTICULTURA/HORTICULTURA
CODUTTI DANIEL HUGO,CAMPO VALUSSI - CAMPO ROSSO,50105,APICULTURA
DIAZ RAFAEL JAVIER,EL CHILCAL,66154,AGRICULTURA
ECA S.A.,ZONA GRAL SAN MARTIN DE RECOLECCION SILVESTRE,50056,FRUTICULTURA
FABIO J PAVON,COLMENARES DON DALMACIO,50105,APICULTURA
GONZALEZ ROQUE O. Y COOPSOL LTDA.,APIARIO BF,50126,APICULTURA
HOLGADO LEONCIO Y COOPSOL LTDA.,APIARIO BG,86154,APICULTURA
LA VICTORIA SRL,LA MANDARINA,50105,AGRICULTURA
RIMONDINO ENRIQUE,MIEL DE MONTE,50105,APICULTURA
RODRIGUEZ ROSA A. Y COOPSOL LTDA.,APIARIO BI,50105,APICULTURA
RUIZ ELVIO Y COOPSOL LTDA.,APIARIO BH,50112,APICULTURA
14 DE ABRIL S.R.L.,LA LAURITA,66154,GANADERIA
ANTONELLA TORRACA Y OTROS S.H.,SAN JOSE,82098,GANADERIA
ANTONELLA TORRACA Y OTROS S.H.,EL FREDE,82098,GANADERIA
BARDAS BLANCAS S.A.,DON JOSE,82098,GANADERIA
COMINAGRO GANADERA S.A.,MALLIN NEVADO-LOS RURALES-RANCHO GDE.-LA BLANCA,82098,GANADERIA
COMPANIA DE TIERRAS TECKA S.A.,TECKA,82098,GANADERIA
COMPAÑIA DE TIERRAS SUD ARGENTINO SA,ESTANCIA MONTOSO,82098,GANADERIA
CUADRADA PRODUCTIONS S.R.L.,BAJADA DEL RADAL,82098,FRUTICULTURA
CUYEN SRL,CUYEN,82098,FRUTICULTURA
CUYEN SRL,CHACRA MICUCCI,82098,FRUTICULTURA
EL REZONGO SH,RAGOBET (ANIMAL),82098,GANADERIA
EPIGRAN S.A.,LAS MERCEDES Y SECCION LA PALOMA,82098,GANADERIA
FUHRMANN S.A,LAS VIOLETAS,82098,GANADERIA
FUHRMANN S.A,SOFIA,82098,GANADERIA
FUHRMANN S.A,LA SUSANA,82098,GANADERIA
GALLIA MARCO,SAN JORGE,82098,GANADERIA
GANADERA VALLE HUEMULES S.A.,VALLE HUEMULES,82098,GANADERIA
GARCIA SALVADOR O.,SAN GENARO,82098,GANADERIA
GORDON MARY ANN Y RIBAYA EDUARDO SH,ELVIRA,82098,GANADERIA
GUENGUEL S.R.L.,EL RELINCHO - LINDO PARAJE - EL PICADERO,82098,GANADERIA
HIERBAS PATAGONICAS SRL,LA ASCENSION,82098,FRUTICULTURA
IANNINI S.A.,EL PICHE - SAN AMBROSIO,82098,GANADERIA
JUAN CARLOS PAGASARTUNDUA Y J.N.P SH,LA SALINA - SIERRA FRIA Y LA PELIGROSA,82098,GANADERIA
JUAN MAZQUIARAN E HILDA VERDE SH,CAÑADON TACHO,82098,GANADERIA
LA ALTURA SH,LA ALTURA,82098,GANADERIA
LA ELISITA S.A.,LA ELISITA Y EL CHANGUITO,82098,GANADERIA
"LOPEZ, CLAUDIA BEATRIZ",CBL,82098,FRUTICULTURA
MAMINA SRL,ESTABLECIMIENTO MAMINA,82098,FRUTICULTURA
MAZQUIARAN NELSON,LA ANGELITA (ANIMAL),82098,GANADERIA
MOTTINO CARLOS ANGEL,LOS MANANTIALES (ANIMAL),82098,GANADERIA
PARALELO 42  S.A.,VALLE DEL MEDIO,82098,FRUTICULTURA/HORTICULTURA
PATAGONIA IND. LANAR S.A.C.I.F.I. Y A.,CARIDAD,82098,GANADERIA
PUNTA QUIROGA S.A.,DON FRANCISCO,82098,GANADERIA
RAICES PATAGONICAS S.A.,EL MIRABUENO (ANIMAL),82098,GANADERIA
ROSA PATAGONICA S.A.,ROSA PATAGONICA,82098,RECOLECCION SILVESTRE
ROSANA N. PORCU,CAMINO VIEJO,82098,FRUTICULTURA
SCHULZE HERNAN LEO,LAS MELLIZAS Y SECCION LA BUENA FE (ANIMAL),82098,GANADERIA
SUCESORES DE RAMON LORENZO Y OTROS,LA NICOLASA,82098,GANADERIA
TIRSO FERNANDEZ  PEÑA,EL RISCOSO,82098,GANADERIA
TORRES FEDERICO PATRICIO,LAS TIJERAS,82098,GANADERIA
VIÑAS MARIA TERESA,POZO HONDO (ANIMAL),82098,GANADERIA
AGROYATAY S.R.L.,LA MARGARITA,82098,AGRICULTURA
BOTTEGAL JUAN ANGEL Y BOTTEGAL JULIO CESAR S.H.,ZONA DE ISLAS ENTRE RIOS,82098,APICULTURA
CAMAÑO JULIO,SAN ANTONIO,82098,AGRICULTURA
CAMPO MALAMBO S.A.,CAMPO MALAMBO,82098,AGRICULTURA
CAUPOLICAN S.R.L.,LA CATALINA,82098,AGRICULTURA
ECA  SA,LA 83,82098,FRUTICULTURA
ESTANCIA LAGUNA BLANCA S.A.,LAGUNA BLANCA,82098,AGRICULTURA
FIDEICOMISO ARANDANOS DEL HEMISFERIO SUR,FIDEICOMISO ARANDANOS DEL HEMISFERIO SUR,82098,FRUTICULTURA
FIGUEROA BUNGE MARIANO,LA EVANGELINA,82098,AGRICULTURA
FUCHINECO LUIS ALBERTO,ALMA MIA,82098,AGRICULTURA
GRACIA LUZ DON,LA ESMERADA,82098,AGRICULTURA
GUIDOBONO JOSE MARIA,LA URBANA,82098,AGRICULTURA
GUIDOBONO JOSE MARIA,SAN PEDRO,82098,AGRICULTURA
GUILLERMO JAUCK Y HERMANOS SOCIEDAD DE HECHO,LA CAROLINA,82098,AGRICULTURA
GUILLERMO JAUCK Y HERMANOS SOCIEDAD DE HECHO,MONTEVERDI,82098,AGRICULTURA
GUILLERMO JAUCK Y HERMANOS SOCIEDAD DE HECHO,MEICHTRY,82098,AGRICULTURA
GUILLERMO JAUCK Y HERMANOS SOCIEDAD DE HECHO,LA BLANCA,82098,AGRICULTURA
GUILLERMO JAUCK Y HERMANOS SOCIEDAD DE HECHO,LISFCHITZ,82098,AGRICULTURA
GUILLERMO JAUCK Y HERMANOS SOCIEDAD DE HECHO,EL TAJAMAR,82098,HORTICULTURA
IGFO SA,LA ESPERANZA,82098,FRUTICULTURA
IGFO SA,EL TRIANGULO,82098,FRUTICULTURA
KUMAGRO S.A.,LA UNION,82098,AGRICULTURA
KUMAGRO S.A.,"SANTA MARIA ""B""",82098,AGRICULTURA
LA LOMA ALIMENTOS S.A.,EL TALITA,82098,AGRICULTURA
MAGNO S.A.,LAS ACHURAS,82098,AGRICULTURA
MAGNO S.A.,LOTE PLANTA MANTEROS,82098,AGRICULTURA
NEOFARMS S.R.L. / GUIDOBONO JOSE MARIA / CALERO GUILLERMO,LA EMILIA (EX LA PRIMAVERA),82098,AGRICULTURA
"NEOFARMS SRL/GUIDOBONO JOSE MARIA/CALERO GUILLERMO,",POOL CONSORCIO - UNIDAD A,82098,AGRICULTURA
"NEOFARMS SRL/GUIDOBONO JOSE MARIA/CALERO GUILLERMO,",POOL CONSORCIO - UNIDAD B,82098,AGRICULTURA
"NEOFARMS SRL/GUIDOBONO JOSE MARIA/CALERO GUILLERMO,",POOL CONSORCIO - UNIDAD C,82098,AGRICULTURA
"NEOFARMS SRL/GUIDOBONO JOSE MARIA/CALERO GUILLERMO,",POOL CONSORCIO - UNIDAD D,82098,AGRICULTURA
"NEOFARMS SRL/GUIDOBONO JOSE MARIA/CALERO GUILLERMO,",POOL CONSORCIO - UNIDAD E,82098,AGRICULTURA
SALDUNA PEDRO JORGE - SALDUNA PEDRO,SANTA DOMINGA,82098,AGRICULTURA
SOCAS CARLOS MARIA,LA MARMOL - SAN PANCHO,82098,GANADERIA
STIVANELLO JUAN CARLOS,JUAN CARLOS STIVANELLO (FINCA),82098,FRUTICULTURA/HORTICULTURA
TIANA S.A.,TIANA S.A.,82098,AGRICULTURA
WOLFF GUSTAVO ALFREDO,LOS NOGALES,82098,FRUTICULTURA/HORTICULTURA
CORONEL ALEJANDRO ANIBAL,PURO ALOE,82098,AGRICULTURA
ISLA PUEN SRL,ISLA PUEN,54098,AGRICULTURA
UTE BV S.A.,EL CANADIENSE,54098,FRUTICULTURA/HORTICULTURA
ADROVER TRISTAN,FINCA LA ESCONDIDA,82098,AGRICULTURA
ALCONOR S.A.,EL INFANTE,82098,AGRICULTURA
AYNI S.A.,LA COLORADA,82098,AGRICULTURA
BLANCO HUGO ROBERTO,EL VASCO,82098,AGRICULTURA
CAMPO ALEGRE S.A.,FINCA CAMPO ALEGRE,82098,AGRICULTURA
COOPERATIVA DE PRODUCTORES APICOLA DE JUJUY LTDA.,COOPERATIVA DE PRODUCTORES DE MIELES DE JUJUY,82098,APICULTURA
EL OMBU SRL,FINCA FIORINI,82098,AGRICULTURA
EMECINCO S.A.,FINCA LOS PLATANOS,82098,AGRICULTURA
FINCA EL PONGO - HPTAL. ARTURO ZABALA,FINCA EL PONGO,82098,AGRICULTURA
FINCA LAS MERCEDES SRL,FINCA LAS MERCEDES,82098,AGRICULTURA
GARELY S.A.,LOS PUENTES,82098,AGRICULTURA
HAROIAN NELSON EDGARDO,FINCA PAMPA BLANCA,82098,AGRICULTURA
INGENIO LA ESPERANZA S.A.,INGENIO LA ESPERANZA,82098,AGRICULTURA
INKLEMONA DE BALUT ROSA,FINCA LAS PICHANAS,82098,AGRICULTURA
MORALES GUSTAVO ROBERTO,FINCA MORALES,82098,AGRICULTURA
PALMA SOLA FARMS S.R.L,PALMA SOLA,82098,AGRICULTURA
EDCO GRAINS S.A.,SAN JUAN,82098,AGRICULTURA
LOS AMIGOS S.H.,DON SERAFIN - EL CARMEL,82098,APICULTURA
"BELLAN, EDGARDO CHARBEL MARIA",LAS TRES MARIAS,82098,FRUTICULTURA
BELLIA JOSE LUIS,AGROVID,82098,FRUTICULTURA
"CAPECE, LORENZO OSVALDO",LA ALBORADA,82098,FRUTICULTURA
CLEAN INVESTMENT SA,EL RETAMO,82098,AGRICULTURA
CLEAN INVESTMENT SA,SAN AMBROSIO Y  DON JESUS,82098,AGRICULTURA
CONCESIONARIA DE FINCAS EL RENUEVO S.A.,FINCAS EL RENUEVO,82098,FRUTICULTURA/HORTICULTURA
COOPERATIVA VITIVINIFRUTICOLA  LA RIOJANA LTDA.,FINCA CIUDADELA,82098,FRUTICULTURA
COOPERATIVA VITIVINIFRUTICOLA  LA RIOJANA LTDA.,FINCA CIUDADELA II (EXFEDERADA RIOJANA SA),82098,FRUTICULTURA
COOPERATIVA VITIVINIFRUTICOLA  LA RIOJANA LTDA.,PARCELA 12,82098,FRUTICULTURA
COVARRUBIAS SA,COVARRUBIAS,82098,FRUTICULTURA
"DE LA VEGA, EDUARDO DANIEL",MARTA ELENA,82098,FRUTICULTURA
EMPRENDIMIENTOS DEL NORTE SRL,FINCA LA ANDALUZA,82098,FRUTICULTURA
FINCA CERES SRL,FINCA CERES (EX-AGRICOLA SAN CAYETANO 3),82098,FRUTICULTURA
FINCA CERES SRL,FINCA CERES (EX-AGRICOLA SAN CAYETANO 6),82098,FRUTICULTURA
FREZZI SACIAG,FINCA FREZZI II,82098,AGRICULTURA
FREZZI SACIAG,FINCA FREZZI,82098,FRUTICULTURA
FUERTE DEL BAÑADO S.A.,FUERTE DEL BAÑADO,82098,AGRICULTURA
"GARROT, CARLOS PEDRO",FINCA SANTA GUALBERTA,82098,FRUTICULTURA
"GONZALEZ RODRIGUEZ, GERMAN",DON BERNABE,82098,FRUTICULTURA
"GONZALEZ, MARIO HERNAN",EX-BERETTA,82098,FRUTICULTURA
"GONZALEZ, MARIO HERNAN",EX-MORENO,82098,FRUTICULTURA
"GONZALEZ, MARIO HERNAN",NUEVA,82098,FRUTICULTURA
INDUSTRIAS QUIMICAS Y MINERAS TIMBO S.A.,FINCA TIMBO RIOJANA,82098,FRUTICULTURA/HORTICULTURA
"IRIARTE, DANIEL",FINCA LAS ROSAS (IRIARTE),82098,FRUTICULTURA
"LARGUIA, JONAS",FINCA LA NUESTRA,82098,FRUTICULTURA
MAELCA S.A.,LOS RANQUELES,82098,AGRICULTURA
MAELCA SA,LOS CERRILLOS,82098,FRUTICULTURA/HORTICULTURA
OLIVARES S.A.,OLIVARES S.A.,82098,FRUTICULTURA
OLIVOS ARGENTINOS SA,LA AGUADA,82098,FRUTICULTURA
OLIVOS ARGENTINOS SA,SANTA FE,82098,FRUTICULTURA
ORO NEGRO S.A.,ORO NEGRO,82098,FRUTICULTURA
"SUELDO GIORGI, LAURA",FINCA MACHIA,82098,FRUTICULTURA
TALAMUYUNA S.A.,TALAMUYUNA,82098,AGRICULTURA
"TROYANO, RUFINO",PARCELA Nº8,82098,FRUTICULTURA
AGROLOSANDES S.A.,AGROLOSANDES,82098,FRUTICULTURA/HORTICULTURA
AGROROSAL S.A.,FINCA LA LUCERA,82098,FRUTICULTURA/HORTICULTURA
AGROSAVER S.A.,FINCA LA AGUANDA,82098,FRUTICULTURA/HORTICULTURA
ALTOS LAS HORMIGAS SAVYC,ALTOS LAS HORMIGAS FINCA,82098,FRUTICULTURA
ARGENTBIO S.R.L.,FINCA EL OLMO,82098,FRUTICULTURA/HORTICULTURA
ARTEL INC,EL LUCAS,82098,FRUTICULTURA
ARTEL INC,EL TINCHO,82098,FRUTICULTURA
ASOC. COOP. EEA INTA MENDOZA,ASOCIACION COOPERADORA DE EEA MENDOZA INTA,82098,FRUTICULTURA/HORTICULTURA
AVE MARIA FIDEICOMISO,FINCA AVE MARIA AG,82098,FRUTICULTURA
AVE MARIA FIDEICOMISO,FINCA AVE MARIA B,82098,FRUTICULTURA
BAMENEX S.A.,FINCA DON JOAQUIN,82098,FRUTICULTURA/HORTICULTURA
BAMENEX S.A.,FINCA EL CARRIZAL,82098,FRUTICULTURA/HORTICULTURA
BEATRIZ VASQUEZ Y JUAN CARLOS CAMARGO SH,FINCA RINCON DESEADO,82098,FRUTICULTURA/HORTICULTURA
BEAU LIEU S.A.,BEAU LIEU SA,82098,FRUTICULTURA
BENITO Y NORMA PANELLA,FINCA PANELLA Y ANEXO,82098,FRUTICULTURA/HORTICULTURA
BIO AGRICULTORES S.A.,EL VERGEL,82098,FRUTICULTURA/HORTICULTURA
BIO-ARGENTINA S.A.,LA CELESTE,82098,FRUTICULTURA
BLANCO JOSE,UGARTECHE,82098,FRUTICULTURA
"BOCARDO, MARCELO",MARCELO BOCARDO,82098,FRUTICULTURA
BODEGA ARGENTO S.A.,FINCA UGARTECHE,82098,AGRICULTURA
BODEGA ARGENTO S.A.,FINCA ALTAMIRA,82098,FRUTICULTURA
BODEGAS Y VIÑEDOS BENEDETTI SRL,FINCA LAS YEGUITAS,82098,FRUTICULTURA
BODEGAS Y VIÑEDOS BENEDETTI SRL,FINCA LA PAZ,82098,FRUTICULTURA
BODEGAS Y VIÑEDOS BENEDETTI SRL,FINCA LA ISLA,54098,FRUTICULTURA
BODEGAS Y VIÑEDOS BENEDETTI SRL,FINCA MONTECASEROS,82098,FRUTICULTURA
BODEGAS Y VIÑEDOS BENEDETTI SRL,FINCA LOS CAMPAMENTOS,82098,FRUTICULTURA
BODEGAS Y VIÑEDOS V.O.B. S.A.,FINCA AURA (EX BODEGAS Y VIÑEDOS V.O.B.S.A.),82098,FRUTICULTURA
BUONO BENITO ARNALDO,BUONO BENITO ARNALDO,82098,FRUTICULTURA/HORTICULTURA
CAMPAL S.A.,FINCA EL CAMPAL,58035,FRUTICULTURA/HORTICULTURA
CAMPO GRANDE S.A.,ESTANCIA LAS CHACRAS,58035,FRUTICULTURA/HORTICULTURA
CAMPOS DE LA COLONIA S.A.,FINCA LAS UVAS,58035,FRUTICULTURA/HORTICULTURA
CAÑA DE CASTILLA SRL,FINCA FABRICA,58035,AGRICULTURA
CAÑA DE CASTILLA SRL,FINCA IRIGOYEN,58035,AGRICULTURA
CAÑA DE CASTILLA SRL,FINCA IRIGOYEN FINAL,58035,AGRICULTURA
CAÑA DE CASTILLA SRL,FINCA LOS ALAMOS,58035,AGRICULTURA
CAROLINA BENEDETTI,LOS YOLES,58035,FRUTICULTURA
CK Y ASOCIADOS S.A.,FINCA LUNLUNTA,58035,FRUTICULTURA
CK Y ASOCIADOS S.A.,VILLA SECA,58035,FRUTICULTURA
COMPAÑIA AGRICOLA EL RODEO S.A.,FINCA ORGANICA SAN CARLOS,58035,FRUTICULTURA/HORTICULTURA
COMPAÑIA DE AGROSERVICIOS S.A.,DON JORGE,58035,FRUTICULTURA
CUNCO S.A.,FINCA CUNCO,58035,FRUTICULTURA/HORTICULTURA
DJALLAD ANA REBECA,LA AMISTAD,58035,FRUTICULTURA/HORTICULTURA
DOMAINE JEAN BOUSQUET  S.A.,FINCA MAIPU DELICIAS DE TUPUNGATO SA,58035,FRUTICULTURA
DOMAINE JEAN BOUSQUET  S.A.,FINCA DOMAINE BOUSQUET,58035,FRUTICULTURA
DOMAINE JEAN BOUSQUET  S.A.,FINCA EL ZAMPAL DELICIAS DE TUPUNGATO SA,58035,FRUTICULTURA
EDUARDO Y FABIAN CAMPAGNA SH,LOS CORRALITOS,58035,HORTICULTURA
EL MORO SRL,FINCA DINAMIA,58035,FRUTICULTURA
EMPRESA COMERCIAL EXPORTADORA S.A.,CHACRAS DE CORIA,58035,FRUTICULTURA
ESTABLECIMIENTOS VITIVINICOLAS ESCORIHUELA S.A.,ALTAMIRA,58035,FRUTICULTURA
ESTANCIA CASA DE UCO S.A.,ESTANCIA CASA DE UCO,58035,FRUTICULTURA/HORTICULTURA
FENIX S.A.,FINCA REAL DEL PADRE,58035,FRUTICULTURA/HORTICULTURA
FIDEICOMISO BAX,FIDEICOMISO BAX,58035,FRUTICULTURA/HORTICULTURA
FIDEICOMISO SANTA RITA,FINCA SANTA RITA,58035,AGRICULTURA
FINCA CONSTANZA SA,FINCA DOÑA CONSTANZA (EX FINCA EL MIRADOR),58035,FRUTICULTURA
FINCA VON WIGSTEIN,FINCA ALPAMANTA,62063,FRUTICULTURA
FRUTIHORTICOLA SAN NICOLAS SA,FRUTIHORTICOLA SAN NICOLAS,62042,FRUTICULTURA/HORTICULTURA
FRUTOS DE SANTA ROSA S.A.,FINCA BELTRAN,62042,FRUTICULTURA
FRUTOS DE SANTA ROSA S.A.,SANTA ROSA,62042,FRUTICULTURA
GRUPO PEÑAFLOR SA,FINCA LA PAZ,86028,FRUTICULTURA
GRUPO PEÑAFLOR SA,FINCA ALTO VERDE,62042,FRUTICULTURA
GRUPO PEÑAFLOR SA,FINCA SANTA ROSA,62042,FRUTICULTURA
HAGEN DE MONTERO GUILLERMINA,FINCA MONTERO,62042,FRUTICULTURA/HORTICULTURA
IZASKUN SA,FINCA CORTESIA,62042,FRUTICULTURA/HORTICULTURA
JESUS CARLOS FANTELLI E HIJOS,FINCA BODEGA,62042,FRUTICULTURA
JESUS CARLOS FANTELLI E HIJOS,BETTI,62042,FRUTICULTURA
JESUS CARLOS FANTELLI E HIJOS,AGUSTIN,86028,FRUTICULTURA
LA MARIA DE LOS ARBOLES SRL,LA MARIA DE LOS ARBOLES,86028,FRUTICULTURA/HORTICULTURA
LACIENDA SA,LACIENDA,62042,FRUTICULTURA/HORTICULTURA
LACIENDA SA,REPRESA TREGEA,62042,FRUTICULTURA/HORTICULTURA
LAS YEGUAS S.A.,LAS YEGUAS,62042,FRUTICULTURA/HORTICULTURA
LIPTOV S.A.,EL RANCHO,86028,FRUTICULTURA
LIPTOV S.A.,LA ESTRELLA,62042,FRUTICULTURA
LLIHUE S.A.,FINCA LA MAROLINA,62070,FRUTICULTURA
LOS EUCALIPTOS S.A.,FINCA LOS EUCALIPTOS,62042,FRUTICULTURA/HORTICULTURA
"MASI, TUPUNGATO VIGNETI LA ARBOLEDA SA",MASI VIGNETI LA ARBOLEDA SA,62042,FRUTICULTURA
MIX S.A.,UVAS DEL DESIERTO,62070,FRUTICULTURA
MONTLAIZ S.R.L.,LA FLOR,62042,FRUTICULTURA
MONTLAIZ S.R.L.,DOÑA LIDIA,62042,FRUTICULTURA
NADAL JUAN GUSTAVO,LA AMPARO,62042,FRUTICULTURA
OJO DE VINO SA,OJO DE VINO SA,62042,FRUTICULTURA
OLATE JUAN CARLOS,"MARQUEZ 1 Y 2, MOLLAR 1 Y 2 (GRUPO AP. MALARGÜE)",62042,APICULTURA
OLIVARES DE DON IGNACIO S.A.,LA LIBERTAD,62042,FRUTICULTURA
ORGANIC COSTAFLORES S.A.,FINCA COSTAFLORES,62042,FRUTICULTURA/HORTICULTURA
PALUMBO GOTTARDINI CARLOS ROBERTO,ORALIA STATE,62042,FRUTICULTURA/HORTICULTURA
PARRA SA,CUARTEL 24 (EX PARRA SA),62042,FRUTICULTURA
PATGO S.A,VIÑA PATRICIA,62042,FRUTICULTURA
PEDRO Y JORGE CECCHIN S.R.L.,FINCAS RUSSEL  - JUNIN  - UGARTECHE,62042,FRUTICULTURA/HORTICULTURA
PEÑAVID SA,FINCA TRIBUTO,62042,FRUTICULTURA
PROVIVA S.R.L,AGRELO,62042,FRUTICULTURA
PROVIVA S.R.L.,ALTAMIRA I,62042,FRUTICULTURA
PROVIVA S.R.L.,ALTAMIRA II,62042,FRUTICULTURA
PROVIVA S.R.L.,DRUMMOND,62042,FRUTICULTURA
PUENTE BLANCO S.A.,ESTANCIA EL TAMBILLO,62042,FRUTICULTURA/HORTICULTURA
PUENTE BLANCO S.A.,ESTANCIA LOS AMIGOS,62042,FRUTICULTURA/HORTICULTURA
PUERTO ANCONA S.A.,VISTA FLORES,62042,FRUTICULTURA/HORTICULTURA
R6 LA GUEVARINA S.A.,R6 LA GUEVARINA,62042,HORTICULTURA
RABIDA ESCOBAR MARIA PAULA,FINCA 2R,62042,FRUTICULTURA/HORTICULTURA
S.A. BODEGA ENRIQUE VOLLMER - UCO VALLEY,BODEGAS VOLLMER UCOVALLEY S.A.,62042,FRUTICULTURA
SANES S.A.,FINCA LA ULTIMA,62042,FRUTICULTURA/HORTICULTURA
SAVOINI MARIO ANTONIO,FINCA SAVOINI,62042,FRUTICULTURA
SOLANDES S.A.,SOLANDES,62042,FRUTICULTURA/HORTICULTURA
SONIA Y LILIANA FERRO S.H.,RODRIGUEZ PEÑA,62035,FRUTICULTURA
STAGNITTI ALBERTO,LA MACARENA,86028,FRUTICULTURA/HORTICULTURA
TACCHINI FABIO,VISTALBA,62042,FRUTICULTURA/HORTICULTURA
TEPEU S.R.L,FINCA MUÑOZ HNOS.,62042,FRUTICULTURA/HORTICULTURA
THIBAULT LEPOUTRE,FINCA CHACAYES NORTE (EX FINCA CHACAYES),62042,FRUTICULTURA
VAL DE FLORES S.A.,VAL DE FLORES,62042,FRUTICULTURA/HORTICULTURA
VALENCIA MIGUEL,LOS ALAMOS,62042,FRUTICULTURA
VALENCIA MIGUEL,MEDRANO,62042,FRUTICULTURA
"VALENCIA, ROBERTO OSCAR",FINCA VALENCIA,62042,FRUTICULTURA
VALENTIN BIANCHI SACIF,FINCA ASTI,62042,FRUTICULTURA
VALENTIN BIANCHI SACIF,FINCA LAS PAREDES,62042,FRUTICULTURA
VILLA ATUEL S.A.,FINCA VILLA ATUEL,62042,AGRICULTURA
VILLAR JUAN JOSE,FINCA DOÑA CARMEN,62042,FRUTICULTURA/HORTICULTURA
VIÑA ESENCIA S.A.,FINCA ALEGRA,62042,FRUTICULTURA
VIÑAS DE ALTO SALVADOR S.A.V.A.I.C,"FINCA ""DOÑA CRISTINA"" (INV E61522)",62042,FRUTICULTURA
VIÑAS DE ALTO SALVADOR S.A.V.A.I.C,"FINCA ""LA SEDE "" (INV F 01047)(EX CENTRAL)",62042,FRUTICULTURA
VIÑAS DE LUJAN S.R.L.,VIÑAS DE LUJAN,62042,FRUTICULTURA/HORTICULTURA
VITTORI ROBERTO Y VERONICA S.H.,CASTRO BARRO,62042,FRUTICULTURA
ACOSTA VILMAR,"IFAI - LOTE 1, LOTE 17",62042,AGRICULTURA
ALVARENGA ANTONIO JESUS,IFAI - LOTE 88,62042,AGRICULTURA
ALVARENGA GERONIMO FRANCISCO,IFAI - LOTE 88,62042,AGRICULTURA
ANIAYA HILARIO/ ANIAYA ALBERT / REIS ROBERTO,IFAI - LOTE 33/34,62042,AGRICULTURA
ANIAYA HILARIO/ALBERT,IFAI - LOTE 15,62042,AGRICULTURA
ANIAYA HILARIO/ALBERT,IFAI - LOTE 35,62042,AGRICULTURA
ANTUNEZ FLORES ANTONIO CARLOS/ QUENSSELL MARCOS/DE MATOS GRISELDA,IFAI - LOTE 26,62042,AGRICULTURA
ARJOL RICARDO ALFREDO / DOMINGUEZ CARLOS ALFREDO,IFAI - LOTE 3 Y 7,62042,AGRICULTURA
BAEZ ANTONIO SIMEON / RODRIGUEZ TERESA / BAEZ OSCAR RAMON,IFAI - LOTE 169 B,62042,AGRICULTURA
BALSARI EDGARDO ENRIQUE,IFAI - LOTE 77,62042,AGRICULTURA
"BARBARO, MARIO LUCIANO",MARIO BARBARO,62042,AGRICULTURA
BECKER CARLOS LUIS,IFAI - LOTE 24,62042,AGRICULTURA
BOGLIOTI JUAN JOSE,IFAI - LOTE 1,62042,AGRICULTURA
BOWALCZUK JESUS RAUL,IFAI - LOTE 11,62042,AGRICULTURA
BUBLITZ CARLOS / LUCAS JOSE / PETRY BLACIO / PETRY JOSE RAFAEL,IFAI - LOTE C,62042,AGRICULTURA
BUNNKOWSKI ELIO MARIO,IFAI - LOTE 115,66007,AGRICULTURA
CARDOZO ARLINDO JESUS / CARDOZO JESUS FELIX,IFAI - LOTE 143,66063,AGRICULTURA
CARDOZO JOSE LUIS,IFAI - LOTE 119 B,66140,AGRICULTURA
CARDOZO RICARDO ROGELIO,IFAI - LOTE 89,66140,AGRICULTURA
CARDOZO RICARDO ROGELIO,IFAI - LOTE 172,66042,AGRICULTURA
CARRE ANIBAL DANIEL/MACHADO MIRIAM GRACIELA,IFAI - LOTE 16,70126,AGRICULTURA
CARRE EMILIO/ ROJAS LILA AIDHEE / CARRE ULISES RAMON,IFAI - LOTE 4,70035,AGRICULTURA
"CAVIGIOLI, MARIO",CAVIGIOLI MARIO,70126,AGRICULTURA
CHESSANI JORGE / IASINSKI DANIELA LUCIA,IFAI - LOTE 15,82077,AGRICULTURA
CHESSANI MAXIMO,IFAI - LOTE 69,70035,AGRICULTURA
CUATRO CAMINOS S.R.L.,CUATRO CAMINOS,70035,AGRICULTURA
DA CRUZ MANUEL ROSALINO/DA CRUZ JOSE RAMON / DA CRUZ JORGE ARIEL / ROSANA ISABEL / SILVIO ORLANDO,IFAI - LOTE 90 A Y B,86182,AGRICULTURA
DA ROSA CARLOS/ WALTER FERREIRA DA ROSA / DE MATTOS BENITO / DE MATTOS MARIO,IFAI - LOTE 128 A,82077,AGRICULTURA
DA ROSA JOSE DANIEL/RODRIGUEZ EDELMIRA/DA ROSA ALEJANDRA,IFAI - LOTE 7,70077,AGRICULTURA
DALINGER MARGARITA IRENE,IFAI - LOTE 3 D,70077,AGRICULTURA
DE LA CRUZ FRANCISCO ASIS,IFAI - LOTE 23,70077,AGRICULTURA
DE LIMA ANGEL / MARTINEZ EZEQUIEL / SEGOVIA NADIA SOLEDAD,IFAI - LOTE 18-20,70077,AGRICULTURA
DE MIRANDA JUAN FRANCISCO/ DE MIRANDA JOSE FRANCISCO,IFAI - LOTE 173,70077,AGRICULTURA
DE OLIVERA CARLOS ORLANDO,IFAI - LOTE 11,70077,AGRICULTURA
DE OLIVERA HECTOR ELIAS /ADELA KARINA / RODRIGUEZ HILDA,IFAI - LOTE 10,70035,AGRICULTURA
DE OLIVERA HECTOR ELIAS /ADELA KARINA / RODRIGUEZ HILDA,IFAI - LOTE 4,70077,AGRICULTURA
DE OLIVERA HUMBERTO / ANIAYA HECTOR,IFAI - LOTE 19,82077,AGRICULTURA
DE OLIVERA VICTOR PLACIDO / ACOSTA CLAUDETTE,IFAI - LOTE 11,74007,AGRICULTURA
DENI ANTONIO / BATIROLLA LUIS PABLO / BATIROLA GUSTAVO,IFAI - LOTE FISCAL,74021,AGRICULTURA
DO SANTOS JUAN RAMON / RAMON,IFAI - LOTE 43,78021,AGRICULTURA
DO SANTOS UBALDO / LUCIA / LUCAS UBALDO DO SANTOS,IFAI - LOTE 150,78042,AGRICULTURA
DO SANTOS UBALDO / LUCIA / LUCAS UBALDO DO SANTOS / DO SANTOS JONATHAN,IFAI - LOTE 139,78021,AGRICULTURA
DORNELES JUAN CARLOS / HOFFMANN MARTINS LAUDELINO,IFAI - LOTE 4 B,50049,AGRICULTURA
DURAN AMBROSIO,IFAI - LOTE 73,86042,AGRICULTURA
DURAN AMBROSIO,IFAI - LOTE 12 Y 7,82098,AGRICULTURA
EICHEMBER EVALDO / CLARA DOCARMO FERNANDEZ,IFAI - LOTE 21,82098,AGRICULTURA
ENGER LIZARDO / RIVERO GLADIS A / AYALA ESILDA ENGER,IFAI - LOTE 148,82014,AGRICULTURA
ENGER LIZARDO LUIS,IFAI - LOTE 176,82119,AGRICULTURA
ENGERS LUCINDO / ENGERS CLOVIS MARCOS,IFAI - LOTE 22,82098,AGRICULTURA
ENRIQUE VICTOR ARRUA,MALCRIADO,86028,AGRICULTURA
ESCARVADOFSKI LIZARDO TOMAS / CERRI ORESTINA,IFAI - LOTE 39 B,86140,AGRICULTURA
ESCARVADOFSKI LIZARDO TOMAS/ CERRI ORESTINA,IFAI - LOTE 1 Y 2,90084,AGRICULTURA
ESCARVADOFSKI LUIS FABIAN,IFAI - LOTE 17/18,90084,AGRICULTURA
ESPINDOLA ALCIMIRO / FLORES MARTA,IFAI - LOTE 103,90084,AGRICULTURA
ESPINDOLA ALCIMIRO / FLORES MARTA,IFAI - LOTE 24 A,90084,AGRICULTURA
FERNANDEZ PEREIRA JOSE / JOSE HECTOR,IFAI - LOTE 94,90084,AGRICULTURA
FERREYRA BLANCA LUCY,IFAI - LOTE 179,90084,AGRICULTURA
FERREYRA LIDIA/ ELIZARDO GABRIEL,IFAI - LOTE 176,90070,AGRICULTURA
FERREYRA LIDIO RAMON/ ELIZARDO GABRIEL / MIRANDA ROSANA BEATRIZ / RIVERO MARIA A. YANINA,IFAI - LOTE 174,90070,AGRICULTURA
FERREYRA LORENZO / FERREYRA ABEL MEDELI,IFAI - LOTE 27,90119,AGRICULTURA
FERREYRA PEDRO,IFAI - LOTE 13,90070,AGRICULTURA
FISHER CLAUDIO ARIEL/ TIERLING RAUL,IFAI - LOTE 8,90042,AGRICULTURA
FUNDACION ALBERTO ROTH,FUNDACION ALBERTO ROTH,90042,AGRICULTURA
GALVAN MARIELA ANDREA,IFAI - LOTE 162-163,90021,AGRICULTURA
GALVAN MARIELA ANDREA,IFAI - LOTE 4,90049,AGRICULTURA
GALVAN MARIELA ANDREA,IFAI - LOTE 19,90070,AGRICULTURA
GOMEZ ABEL,IFAI - LOTE 153,06126,AGRICULTURA
GOMEZ CARLOS RUBEN,IFAI - LOTE 153,06070,AGRICULTURA
GOMEZ HECTOR,IFAI - LOTE 94,06049,AGRICULTURA
GONZALEZ CLAUDIA/BECKER OSCAR,IFAI - LOTE 36,06021,AGRICULTURA
GONZALEZ MARINO/ GONZALEZ CORNELIO/ GONZALEZ SOLEDAD MARIELA,IFAI - LOTE 99,06021,AGRICULTURA
GONZALEZ OSVALDO MARTIN,IFAI - LOTE 15,06515,AGRICULTURA
GRABARCZUK TERESA/STECIUK NORA ISABEL,IFAI - LOTE 2 A,06875,AGRICULTURA
GROSS VICTOR DANIEL,IFAI - LOTE 8F,06791,AGRICULTURA
GRZVINSKI CLAUDIO / HECTOR JOSE,IFAI - LOTE 35,06469,AGRICULTURA
HARTMANN MARIO / PRESTES LORENA ADRIANA / PRESTES CARLOS DAVID,IFAI - LOTE 69,06070,AGRICULTURA
HARTMANN SIBANO / HARTMANN MAURO,IFAI - LOTE 121-123,06623,AGRICULTURA
HEINZMANN ENRIQUE CRISTIAN,ENRIQUE CRISTIAN HEINZMANN,06224,AGRICULTURA
JAKIMZUK  PEDRO MARCOS,IFAI - LOTE 195,06833,AGRICULTURA
JAKIMZUK LIDIA/ OLIVERA RUBEN,IFAI - LOTE 8,06021,AGRICULTURA
KALISPRENER JORGE RUBEN / SAWISKI MIRTHA GRACIA / KALISPRENER JORGE ANDRES,IFAI - LOTE 30,06021,AGRICULTURA
KAPELINSKI JOSE ESTEBAN/CRISTIAN ARIEL,IFAI - LOTE 1 B,06021,AGRICULTURA
KAPELINSKI JOSE ESTEBAN/CRISTIAN ARIEL,IFAI - LOTE 17,06021,AGRICULTURA
KLUGE JORGE ALFREDO,IFAI - LOTE 41,06021,AGRICULTURA
KOTH ITATI MARIA EVANGELINA,ROA PIPO,10105,AGRICULTURA
KRAUS S.A.,ESTABLECIMIENTO KRAUS,10112,AGRICULTURA
KURZNIWSKI GERARDO GERMAN,IFAI - LOTE 11,26042,AGRICULTURA
LA CONDICION S.A.,ISTUETA KM 300,26042,AGRICULTURA
LASSER TERESA/ MITTIL JUAN CARLOS  / MITTIL JUAN CARLOS (HIJO),IFAI - LOTE 5,30105,AGRICULTURA
LOPEZ LUCAS,CHACRA IPOTI,30088,AGRICULTURA
LORENZO YOLANDA /SENIO CRISTIAN SANTIAGO,IFAI - LOTE 237,30015,AGRICULTURA
MACHADO MENDRANA PRADELINO / MACHADO PAULO,IFAI - LOTE 62,30015,AGRICULTURA
MACHADO MIGUEL ANGEL/FERNANDO MIGUEL,IFAI - LOTE 61,66154,AGRICULTURA
MARCELO MANUEL LIMA / MANUEL ALTAMIRO LIMA,IFAI - LOTE 4,50105,AGRICULTURA
MARIANA MAMPAEY,EL HORMIGUERO,50126,AGICULTURA/HORTICULTURA
MARLANDER JORGE ALFREDO / EZEQUIEL,IFAI - LOTE 7,50126,AGRICULTURA
MARLANDER JORGE ALFREDO / MARLANDER EZEQUIEL/ STECIUK MATIAS,IFAI - LOTE 8,50105,AGRICULTURA
MARQUEZ JUAN ANDRES,IFAI - LOTE 145,50014,AGRICULTURA
MARTIN JAVIER SALOMON SAAIED,CHACRA ADAMA,50021,AGICULTURA/FRUTICULTURA
MIRANDA CARLOS LEON/MIRANDA HECTOR,IFAI - LOTE 133,50126,AGRICULTURA
"MOZZONI, ROBERTO RAMON",ROBERTO MOZZONI,50105,AGRICULTURA
NELCI SANTIAGO / GENESINI HILDA INES,IFAI - LOTE FISCAL,50042,AGRICULTURA
NEVEZ EUSEBIO,IFAI - LOTE 129,50056,AGRICULTURA
NUÑEZ JUAN AMERICO/MARIA ANGELICA,IFAI - LOTE E,82098,AGRICULTURA
NUÑEZ JUAN BAUTISTA/ GIMENEZ ULISES,IFAI - LOTE B1,58035,AGRICULTURA
NUÑEZ MARCELO RAMON / GARCIA MYRYAM,IFAI - LOTE K1,62042,AGRICULTURA
NUÑEZ MARCELO RAMON /GARCIA MYRIAN,IFAI - LOTE 36,62042,AGRICULTURA
OLEJNIK CARLOS/ESPINDOLA JORGE RAMON,IFAI - LOTE 27 A,62042,AGRICULTURA
OLIVEIRA JORGE / NERI / VIDALVINA PEREYRA ( EX OLIVEIRA VALDIR / JORGE OLIVEIRA / ALFREDO NERI / ALEJANDRO OLIVEIRA),IFAI - LOTE 89,62035,AGRICULTURA
OLIVERA ENRIQUE/ BENITO/DE MATTOS CLAUDIA / DA SILVA NATANAEL,IFAI - LOTE 198,62042,AGRICULTURA
OLIVERA RAMON HECTOR,IFAI - LOTE 43,66035,AGRICULTURA
OLIVERA RAMON HECTOR,IFAI - LOTE 8,66007,AGRICULTURA
OLIVERA RAMON HECTOR / JAKIMZUK OLGA CLAUDIA,IFAI - LOTE 196,70077,AGRICULTURA
OLIVERA ROSA/PALCHICOVSKI SERGIO RAMON,IFAI - LOTE 5,70077,AGRICULTURA
OLIVERA ROSA/PALCHICOVSKI SERGIO RAMON,IFAI - LOTE 6,70070,AGRICULTURA
OLIVERA RUBEN / JAKIMZUK LIDIA / OLIVERA CESAR,IFAI - LOTE 198,82084,AGRICULTURA
OLIVERA RUBEN / JAKIMZUK LIDIA / OLIVERA CESAR,IFAI - LOTE 196,90070,AGRICULTURA
PAEZ DONATO / DE LIMA ELIO,IFAI - LOTE 4 Y 5,90070,AGRICULTURA
PARK ANNA,ANNA PARK,90042,AGRICULTURA
"PAULUK, TEODORO",PAULUK TEODORO,90049,AGRICULTURA
PEDROZO ROBERTO,IFAI - LOTE 132,90070,AGRICULTURA
PEREIRA MARIANO LIZARDO,IFAI - LOTE 143,06049,AGRICULTURA
PEREIRA MARIANO LIZARDO,IFAI - LOTE 114,06515,AGRICULTURA
PEREIRA RICARDO,IFAI - LOTE 30,06756,AGRICULTURA
PEREYRA DE RAMOS ABEL/EZEQUIEL,IFAI - LOTE 44,06049,AGRICULTURA
PIEKA ANTONIO / SVIRCZ ELIAS,IFAI - LOTE 21,30088,AGRICULTURA
PORTO CARLOS JAVIER,IFAI - LOTE 28 A,30015,AGRICULTURA
QUEVEDO LUIS ALBERTO,IFAI - LOTE 29,50105,AGRICULTURA
RAUL LOPEZ/LUCAS LOPEZ,CUARAJU MIMBI,50126,AGRICULTURA
REIS JACINTO / REIS JORGE LUIS / REIS ROBERTO ABEL,IFAI - LOTE 37 B,62042,AGRICULTURA
RIVERO GLADIS ANSELMA,IFAI - LOTE 176,82084,AGRICULTURA
RIVERO JUAN CARLOS,IFAI - LOTE 67,06021,AGRICULTURA
RODRIGUEZ JOSE CARLOS/ ELVIO MARINO,IFAI - LOTE 17,18007,AGRICULTURA
RODRIGUEZ JUAN CARLOS / PORTO FRANCISCO,IFAI - LOTE 17 OESTE,30105,AGRICULTURA
RODRIGUEZ MIGUEL CEFERINO,IFAI - LOTE H,50105,AGRICULTURA
RODRIGUEZ OSCAR/ RODRIGUEZ RENALSINO,IFAI - LOTE 154,50105,AGRICULTURA
ROTTA  JOSE OSCAR/JOSE MARCELO,IFAI - LOTE 79 SUR,50105,AGRICULTURA
ROTTA HERMELINDO / ROTTA GLADIS NOEMI,IFAI - LOTE 69,50105,AGRICULTURA
ROTTA JOSE OSCAR/JOSE MARCELO,IFAI - LOTE 80,62042,AGRICULTURA
RUBEN DARIO HENN,CHACRA DON LUIS,70042,AGRICULTURA
SADI LEIRIA,IFAI - LOTE 165,82098,AGRICULTURA
SAPOZNIK ANTONIO,IFAI - LOTE 1 Y 2,06049,AGRICULTURA
SAVISKI CARLOS FRANCISCO,IFAI - LOTE 39 - 40,54084,AGRICULTURA
SAVISKI ELVIO OSCAR,IFAI - LOTE 29,62042,AGRICULTURA
"SCHERF, ALBERTO",SCHERF ALBERTO,06189,AGRICULTURA
SCHOLLES LUIS OSCAR / JOSE LUIS,IFAI - LOTE 41,70035,AGRICULTURA
SEGOVIA NADIA SOLEDAD / CRUZ MARCELO,IFAI - LOTE 78,70035,AGRICULTURA
SELL JUAN,IFAI - LOTE 65,82098,AGRICULTURA
SELL MIGUEL,IFAI - LOTE 54,50014,AGRICULTURA
SEMAINKO JUAN ALBERTO / DANIEL,IFAI - LOTE 54,90119,AGRICULTURA
SENIO CRISTIAN/LORENZO YOLANDA,IFAI - LOTE 231,62042,AGRICULTURA
SILVA ARMANDO ARIEL / ADAN,IFAI - LOTE 21,62042,AGRICULTURA
SILVA ILDEMAR ELIZARDO,IFAI - LOTE 17,70035,AGRICULTURA
SILVEYRA EDUARDO / SEPE FATIMA ISABEL,IFAI - LOTE 87 B,06329,AGRICULTURA
SKRABA JUAN PABLO/SKRABA JUAN GUSTAVO,IFAI - LOTE 9 A,06483,AGRICULTURA
SKUREK FERNANDO ARIEL,DORJE,54112,AGRICULTURA
SMOLA HIPOLITO ABEL / JAKIMERSUK YOLANDA TERESA,IFAI - LOTE 119,30088,AGRICULTURA
"SOLIS JOSE MARIA / ANDREA, GRACIELA",IFAI - LOTE 21,30015,AGRICULTURA
SOLIS LEONEL JOSE/DOWBUZ LILIANA,IFAI - LOTE 20,86154,AGRICULTURA
STECIUK ELIDA TERESITA/ RAEL OMAR DE OLIVERA / PALCZIKONSKI ALBINO,IFAI - LOTE 38-39-40,50112,AGRICULTURA
STECIUK GREGORIO ALEJANDRO,IFAI - LOTE 228,54098,AGRICULTURA
SUAREZ RAMON OSCAR,IFAI - LOTE 16,70070,AGRICULTURA
SUAREZ RAMON OSCAR / JAVIER OSCAR,IFAI - LOTE QTA 2,86028,AGRICULTURA
TABAREZ ANSELMO,IFAI - LOTE 12,62042,AGRICULTURA
TARCISIO JOSE LUFT,DON BRUNO JOSE,82112,
TAVAREZ CARLOS ANSELMO/ ANSELMO,IFAI - LOTE 18,42014,AGRICULTURA
TAVAREZ RAMON SERGIO / JUAN CARLOS,IFAI - LOTE 12,50042,AGRICULTURA
TRACHUK JOSE JAVIER / TRACHUK JOSE LUIS / TRACHUK EMILIO TEOFILO,IFAI - LOTE 72,50105,AGRICULTURA
TRACHUK JOSE JAVIER / TRACHUK JOSE LUIS / TRACHUK EMILIO TEOFILO,IFAI - LOTE 65,50105,AGRICULTURA
TRACHUK LUIS ADOLFO,IFAI - LOTE 82 N,82098,AGRICULTURA
TRINDADES RUBEN ANGEL,IFAI - LOTE 711,54098,AGRICULTURA
TYMCSZYSZYN JULIO DEMETRIO,IFAI - LOTE 520,82098,AGRICULTURA
VALENZUELA TERESA / MAURICIO,IFAI - LOTE 137,82098,AGRICULTURA
VARELA CLAUDIO,EL LAPACHO,82098,FRUTICULTURA/AGRICULTURA
VARGAS PACHECO JOSE CARLOS / DOMINGUEZ NETO ELIO / MACHADO BARCELLOS JOEL / MACHADO ARLINDO,IFAI - LOTE 28,82098,AGRICULTURA
VELAZQUE FERNANDEZ JOSE JULCI/PRETTO ADAN,IFAI - LOTE 14,82098,AGRICULTURA
WAGNER NORBERTO,IFAI - LOTE 49-50,82098,AGRICULTURA
WAIDELICH OTTO,LOS CEDRITOS,82098,GANADERIA
ZANAZZO OMAR / ZANAZZO JUAN CARLOS,IFAI - LOTE 25,82098,AGRICULTURA
BARTUSCH Y ZUBAK SRL,RAI MAPU,82098,FRUTICULTURA
"BARTUSCH, ERNESTO",AÑELO,82098,FRUTICULTURA
"BARTUSCH, ERNESTO",FEDERICO (LOTE 92S93N),82098,FRUTICULTURA
"BARTUSCH, ERNESTO",RESIDENCIA (LOTE 161A),82098,FRUTICULTURA
"BARTUSCH, RODOLFO",RIO NEUQUEN,58035,FRUTICULTURA
"BARTUSCH, RODOLFO",CASA (LOTE 161B),58035,FRUTICULTURA
"BARTUSCH, RODOLFO",FIDEL (LOTE 154),58035,FRUTICULTURA
"BARTUSCH, RODOLFO",Nº 205 Y Nº 206,62042,FRUTICULTURA
"BARTUSCH, RODOLFO",VIVERO (LOTE 122),62042,FRUTICULTURA
BUWACO S.R.L.,LA NONA,62042,FRUTICULTURA
"CARDENAS, JUANA ROSA",LOTE 160,86028,FRUTICULTURA
"CARDENAS, JUANA ROSA",LOTE 94-1,62042,FRUTICULTURA
"CENTURION, LAURA",DON DIONISIO,62042,FRUTICULTURA
DALLA VILLA ALBERTO RAUL,EL CLAVO,62042,FRUTICULTURA
DALLA VILLA ALBERTO RAUL,LA VIEJA,62042,FRUTICULTURA
DALLA VILLA ALBERTO RAUL,SALITRE,62035,FRUTICULTURA
DELLA GASPERA ALDO,CHACRA 187,62042,FRUTICULTURA
DELLA GASPERA ALDO,LA CASA,62042,FRUTICULTURA
DOS RIOS SA,EL CRUCE,62042,FRUTICULTURA
ESTABLECIMIENTO NICOLAS S.R.L,NICOLAS,66140,FRUTICULTURA
GARCIA MARIO ALBERTO,DON CHICHO,66154,FRUTICULTURA
GARCIA MARIO ALBERTO,GARCIA MARIO,70126,FRUTICULTURA
GURE ECHEA S.R.L,GERNIKA,70035,FRUTICULTURA
ISLAFRUT SRL,ISLA MANZANO,70126,FRUTICULTURA
"JACOBO, FRANCISCO JOSE","JACOBO, FRANCISCO JOSE",82077,FRUTICULTURA
LA DELICIOSA S.A.,CHACRA 34 LOTES B Y D,74007,FRUTICULTURA
LA DELICIOSA S.A.,EL ALPATACO,86042,FRUTICULTURA
LA DELICIOSA S.A.,LA ISLA,82077,FRUTICULTURA
LA DELICIOSA S.A.,AIVEN,82119,FRUTICULTURA
LA DELICIOSA S.A.,DON GREGORIO,90070,FRUTICULTURA
LA DELICIOSA S.A.,DOÑA PEPA,90035,FRUTICULTURA
LA DELICIOSA S.A.,LOTES 5B Y 5A,06441,FRUTICULTURA
"MARTIN, OSCAR ALFREDO",EL LUPULAR ORGANICS FARM,50126,FRUTICULTURA
"MONACHESI, ALEJANDRO GABRIEL",LA CRISTINA,54084,FRUTICULTURA
"PAULOVICH, JUAN CARLOS",CHACRA CHINA MUERTA,70035,FRUTICULTURA
"RETAMAL FERNANDEZ, JOSE E.","CHACRA ""EPUYEN""",62042,FRUTICULTURA
SAHORES S.A.,SAHORES S.A.,54098,FRUTICULTURA
"SANCHEZ, DARIO OMAR",LOTE 230 A,70077,FRUTICULTURA
"SANCHEZ, GLADYS MABEL","SANCHEZ, GLADYS MABEL",06833,FRUTICULTURA
SAYIHUE SRL,VISTA ALEGRE,06735,FRUTICULTURA
SERHEN SRL,CHACRA 32,50126,FRUTICULTURA
"STANGAFERRO, SERGIO",CHACRA 82-S,82098,FRUTICULTURA
SUC. VANNICOLA RAUL ANTONIO,ESCRAY,10105,FRUTICULTURA
TECNITERRA SACIA,CHACRA 19,38014,FRUTICULTURA
TECNITERRA SACIA,CHACRA 19A,82098,FRUTICULTURA
TECNITERRA SACIA,CHACRA 20,82098,FRUTICULTURA
TECNITERRA SACIA,PICADA 8,82098,FRUTICULTURA
ADRION PAUL,CHACRA HUMUS,82098,GANADERIA
AGRICO.AR S.A.,AGRICO.AR S.A.,62042,FRUTICULTURA
AGRO ROCA SA,LA CONSTANCIA,62042,FRUTICULTURA
AGRO ROCA SA,LA ESCONDIDA,62042,FRUTICULTURA
AGRO ROCA SA,LA ZAMBA,18105,FRUTICULTURA
AGRONICA S.A.,FORTIN COPAHUE,70077,AGRICULTURA
ANTIGUA SA (EX GARRIDO ROBERTO),CHACRA 145,58035,FRUTICULTURA
ANTIGUA SA (EX GARRIDO ROBERTO),CHACRA 216,06441,FRUTICULTURA
ANTONINO MARIA ELENA DE COSTANZI,SANTA ELENA,50112,FRUTICULTURA
"BANCO, HUGO","BANCO, HUGO",70126,FRUTICULTURA
"BARZI, GUILLERMO AMADEO",CHACRA 173,86182,FRUTICULTURA
"BARZI, GUILLERMO AMADEO",CHACRA 186,82098,FRUTICULTURA
BIOVALLE S.A.,CHIMPAY II - LA ISLA,82098,FRUTICULTURA
BIOVALLE S.A.,CURUNDU - BIOVALLE B - SECTOR HORNERO B - HORNERO C Y PUCCINI NORTE,50105,FRUTICULTURA
BODEGA CHACRA S.R.L.,CHACRA 356 LOTE B DON TOMASO,82098,FRUTICULTURA
BODEGA CHACRA S.R.L.,CHACRA 357 LOTE B,70014,FRUTICULTURA
BODEGA CHACRA S.R.L.,CHACRA MENDOZA,62042,FRUTICULTURA
BODEGA Y VIÑEDOS PATAGONIA VALLEY S.R.L.,AUGUSTO RIPOLL,82098,FRUTICULTURA
BRASPATAGONIA S.R.L.,BRASPATAGONIA,62042,FRUTICULTURA
CANESSA HNAS,RAYHUAO,58035,GANADERIA
COMPAÑIA DE PRODUCCION FRUTIHORTICOLA  SA,BIO CAÑADON COLLETTI,06532,FRUTICULTURA
COMPAÑIA DE PRODUCCION FRUTIHORTICOLA  SA,BUONA MELA,38063,FRUTICULTURA
COMPAÑIA DE TIERRAS SUD ARGENTINO SA,ESTANCIA PILCANIYEU Y SAN PEDRO,62091,GANADERIA
COMPAÑIA GENERAL DE FRUTAS S.A.,ELSA 1 Y 2,38063,FRUTICULTURA
COMPAÑIA GENERAL DE FRUTAS S.A.,LA COSTA,38063,FRUTICULTURA
COMPAÑIA GENERAL DE FRUTAS S.A.,LOS PERALES,06196,FRUTICULTURA
COMPAÑIA GENERAL DE FRUTAS S.A.,SECCION TERCERA,06007,FRUTICULTURA
COSTANZI CARLOS SILVIO,EL NONO,06343,FRUTICULTURA
COSTANZI EDGARDO MARIO SILVIO,LA COSTA,06532,FRUTICULTURA
"DALLA PRIA, ALBERTO Y EDUARDO S.H.",CHACRA 205,38063,FRUTICULTURA
"DALLA PRIA, ALBERTO Y EDUARDO S.H.",CHACRA 216 B,22028,FRUTICULTURA
"DALLA PRIA, ALBERTO Y EDUARDO S.H.",CHACRA 340,06532,FRUTICULTURA
ELOSEGUI HNOS. S.A.,LA INES,22028,FRUTICULTURA
ERICH JUAN  ROSAUER,COMODATO: ZOILO S.A/ JUAN ERICH ROSAUER,22028,FRUTICULTURA
ESTABLECIMIENTO SANTA MARIA S.R.L.,ESTABLECIMIENTO SANTA MARIA SRL,22028,FRUTICULTURA
ESTABLECIMIENTO SOLEDAD SA,CHACRA 363,62091,FRUTICULTURA
ESTABLECIMIENTO SOLEDAD SA,CHACRA Nº 388,70063,FRUTICULTURA
FRESCURAS ORGANICAS PATAGONICAS S.A.,CHACRA CHICHINALES,38063,FRUTICULTURA
FRESCURAS ORGANICAS PATAGONICAS S.A.,CHACRA JOBEL,30070,FRUTICULTURA
FRESCURAS ORGANICAS PATAGONICAS S.A.,CHACRA LAS 50,86049,FRUTICULTURA
FRESCURAS ORGANICAS PATAGONICAS S.A.,CHACRA MARCELO,22063,FRUTICULTURA
FRESCURAS ORGANICAS PATAGONICAS S.A.,CHACRA RAFIN,22063,FRUTICULTURA
FRUTICULTORES EMPACADORES DE GENERAL ROCA S.A.C.I.A.E I.,CHACRA 215,22063,FRUTICULTURA
FRUTICULTORES EMPACADORES DE GENERAL ROCA S.A.C.I.A.E I.,CHACRA 204,22063,FRUTICULTURA
FRUTICULTORES EMPACADORES DE GENERAL ROCA S.A.C.I.A.E I.,DON PEDRO,22063,FRUTICULTURA
FRUTICULTORES EMPACADORES DE GENERAL ROCA S.A.C.I.A.E I.,LA COSTANERA,22063,FRUTICULTURA
GALERA EMETERIO,LOTE 4D,22063,FRUTICULTURA
GARCIA MARIA NELIDA,CHACRA 48,26007,FRUTICULTURA/HORTICULTURA
GARCIA MARIA NELIDA,PUENTE COLORADO,30070,FRUTICULTURA/HORTICULTURA
GARCIA MARIA NELIDA,LOS CIPRESES,30113,FRUTICULTURA/HORTICULTURA
"GARCIA, JOAQUIN",GARCIA JOAQUIN,30070,FRUTICULTURA
GONZALEZ L. Y RIADIGOS E. S.H.,CHACRA ARROYO CLARO,30070,FRUTICULTURA/HORTICULTURA
"GREGORI, ROMULO LUIS",CHACRA Nº 197,38063,FRUTICULTURA
HURACAN FRUIT S.R.L.,CHACRA 145E,46042,FRUTICULTURA
INTERRUPCION S.A.,SECCION SEGUNDA,46042,FRUTICULTURA/HORTICULTURA
ISLAFRUT SRL,ISLAFRUT,46042,FRUTICULTURA
JAVIER LEGASPI,EL CAPRICHO,46084,AGRICULTURA
JAVIER LEGASPI,VILLA MANZANO,46042,AGRICULTURA
JOSE BARRESI S.A.,CHACRA 153 BIS,46042,FRUTICULTURA
JOSE BARRESI S.A.,CHACRA 170,46042,FRUTICULTURA
LA ANGOSTURA S.R.L.,LA ANGOSTURA,46042,GANADERIA
LA CONQUISTA SRL,LA CONQUISTA,46042,FRUTICULTURA
LABARRIERE JEAN LOUIS,EL GALPON Y EL DESAGÜE,46042,FRUTICULTURA
LAGO VERDE SA,LAGO VERDE,46042,FRUTICULTURA
LAINO HERMANOS S.A.,CHACRA 168,46042,FRUTICULTURA
LAINO HERMANOS S.A.,CHACRA 169,46042,FRUTICULTURA
LAINO HERMANOS S.A.,CHACRA 231,46042,FRUTICULTURA
LAINO HERMANOS S.A.,LA CASONA,46042,FRUTICULTURA
LOZANO S.R.L.,DON DANIEL,46042,FRUTICULTURA
LOZANO S.R.L.,DON ADOLFO,46042,FRUTICULTURA
LUISI ANTONIO,CHACRA N° 258,46042,FRUTICULTURA
LUISI ANTONIO,CHACRA N° 270,46042,FRUTICULTURA
"LUSTIG, SCHOLZ, MANSO Y OTROS",LA VARELA,46042,FRUTICULTURA
MAGA S.R.L.,CHACRA 83 LOTE 2,46042,
"MARCAL PATAGONICA S.A,",CALDERON  CHINCHINALES,46042,FRUTICULTURA
"MARCAL PATAGONICA S.A,",CALDERON REGINA,46042,FRUTICULTURA
"MARTIN, OSCAR ALFREDO",EL SAUCE,46042,FRUTICULTURA
MORRIS GLYNDWR LEONARDO,MORRIS GLYNDWR LEONARDO,46042,FRUTICULTURA
MOSCHINI ANDRES ALBERTO,AMPARITO,50091,FRUTICULTURA
"MROZEK, MARIANA PERLA",CHACRA ISLA 48,50091,FRUTICULTURA
"MUÑOZ, MARIA LUISA",MUÑOZ MARIA LUISA,50091,FRUTICULTURA
NATURAL S.R.L,CROACIA,18091,FRUTICULTURA
PAISSANIDIS S.A.C.I.A.,171,30070,FRUTICULTURA
PAKSERVI S.R.L.,MORYMAR,70084,FRUTICULTURA
"PARRA, ROBERTO",CHACRA 281,50091,FRUTICULTURA
"PARRA, ROBERTO",CHACRA Nº 269,50091,FRUTICULTURA
"PARRA, ROBERTO",EDU II,70084,FRUTICULTURA
PEREZ MAGDALENA Y DANIEL,CHACRA 132,70084,FRUTICULTURA
PEREZ MAGDALENA Y DANIEL,CHACRA 170,50091,FRUTICULTURA
QUANTUM S.R.L.,CHACRA A-366,10098,FRUTICULTURA
"RETAMAL FERNANDEZ, JOSE E.",LA CHILA,30070,FRUTICULTURA
RIBEREÑA DE RIO NEGRO S.A.,LA RIBEREÑA (I Y II),10098,FRUTICULTURA
RICCONO HORACIO C.,CHACRA VIEJA (004-1C),10098,FRUTICULTURA
RICCONO HORACIO C.,CHACRA NUEVA (006-03),10098,FRUTICULTURA
ROSAUER JUAN ROBERTO LUIS,CONTRATO LAR/JUAN ROBERTO LUIS ROSAUER (EX COMODATO....),10098,FRUTICULTURA
SAN JOSE S.A.,SAN JOSE,70084,FRUTICULTURA
SANCHEZ JOSE LUIS,LOS PICANTES,70084,FRUTICULTURA/HORTICULTURA
"SANCHEZ, HUGO OSVALDO",CHACRA 229,10098,FRUTICULTURA
"SANCHEZ, HUGO OSVALDO",LA MAGNOLIA,30070,FRUTICULTURA
SARALEGUY SANDRO SERGIO,COSTA SUR,50077,FRUTICULTURA
SARALEGUY SANDRO SERGIO,SARA,70084,FRUTICULTURA
SCHOLZ MARIA CECILIA SCHOLZ BETTINA SH,VALLE 2,50091,FRUTICULTURA
"URRUTIA, DARIO GABRIEL",6 DE OCTUBRE,18091,FRUTICULTURA
"URRUTIA, DARIO GABRIEL",CHACRA 197,70084,FRUTICULTURA
VALTIERRA S.A.,DON GILBERTO,10098,FRUTICULTURA
VILLARRAZA HORACIO,CHACRA N° 270,50091,FRUTICULTURA
VILLARRAZA HORACIO,CHACRA N° 304,54105,FRUTICULTURA
VIZZOTTO RICARDO,VIZZOTTO RICARDO,54105,FRUTICULTURA
"VIZZOTTO, ALBERTO",VIZZOTTO ALBERTO,54105,FRUTICULTURA
AGUARA SA.,LAS MARAVILLAS,54105,AGRICULTURA
ALQUIMIA ARGENTINA SH,LA ARMONIA,54105,AGRICULTURA
ALTURA MAXIMA S.A.,RIO BLANCO,54105,AGRICULTURA
ALVAREZ EDUARDO MARTIN,ESTANCIA PELICANO,54105,AGRICULTURA
CASTILLO ALFREDO A.,LA ESCONDIDA DEL ALGARROBAL,54105,AGRICULTURA
"COOPERATIVA DE PROVISION DE SERVICIOS PARA PRODUCTORES RURALES ""LA ESCONDIDA LTDA"".",FINCA IBAÑEZ,54105,AGRICULTURA
"COOPERATIVA DE PROVISION DE SERVICIOS PARA PRODUCTORES RURALES ""LA ESCONDIDA LTDA"".",FINCA LA ESCONDIDA,54105,AGRICULTURA
DARIO F.  ARIAS S.A.,EL BORDO DE LAS LANZAS,54105,AGRICULTURA
ECO AGROPECUARIA SA,SANTA MAGDALENA II,54105,AGRICULTURA
EMAISA S.A.,FINCA SAN CARLOS,54105,AGRICULTURA
EMAISA S.A.,FINCA SANTA ROSA,54105,AGRICULTURA
ESTANCIA PAMPA GRANDE S.A.A Y C,PAMPA GRANDE,54105,GANADERIA/FRUTICULTURA
GARELY S.A.,FINCA LAS PAVAS,54105,AGRICULTURA
HAROIAN NELSON EDGARDO,EL ZAPALLAR DE HAROIAN,54105,AGRICULTURA
HESS FAMILY LATIN AMERICA S.A.,FINCA EL ARENAL,54105,
IMPORTADORA DEL CARMEN S.A.,EL TRAMPEADERO,54105,AGRICULTURA
IMPORTADORA DEL CARMEN S.A.,FINCA SANTA MARIA,54105,AGRICULTURA
MERCADO DANIEL OSVALDO,FINCA QUISCALORO,54105,AGRICULTURA
PALMIRA S.A.,FINCA CALVIMONTE,54105,AGRICULTURA
PEÑAVID SA,EL TRANSITO,54105,FRUTICULTURA
SANZ NAVAMUEL SEBASTIAN,FINCA TORZALITO,54105,AGRICULTURA
SOCA S.R.L.,FINCA EL ZAPALLAR,54105,AGRICULTURA
STUTZ RICARDO OSVALDO,LA CHIMPEÑA,54105,FRUTICULTURA/HORTICULTURA
TERMINAL DE CARGAS AEREAS SA,MIRAFLORES,54105,AGRICULTURA
TERMINAL DE CARGAS AEREAS SA,RAMADITA,54105,AGRICULTURA
TREVISAN AGROPECUARIA SRL,SAN JOSE DE ORQUERA,54105,AGRICULTURA
"ACOSTA, ALEJANDRO DANIEL",FINCA CAMPANARIO,54105,HORTICULTURA
ALVIPA SRL,DOÑA MARIA,54105,FRUTICULTURA
ALVIPA SRL,LOS ALBERTOS,54105,FRUTICULTURA
BIO AGRICULTORES S.A.,ESTANCIA EL LEONCITO,54105,FRUTICULTURA/HORTICULTURA
CASSAB AHUN S.R.L,FINCA LA PLATA,54105,FRUTICULTURA/HORTICULTURA
CASSAB AHUN S.R.L,FINCA DON ABRAHAM,54105,FRUTICULTURA/HORTICULTURA
DE MI CAMPO S.A.,FINCA EL ENCUENTRO,54105,
DON DANIEL DE  ABELARDO E. LEIVA Y GRACIELA S. CANTO,25 DE MAYO,54105,FRUTICULTURA
DON DANIEL DE  ABELARDO E. LEIVA Y GRACIELA S. CANTO,DON DANIEL,54105,FRUTICULTURA
FABRIL ALTO VERDE S.A.,"FINCA ""LA URPILA""",54105,FRUTICULTURA
FABRIL ALTO VERDE S.A.,"FINCA ""CEPAS""",54105,FRUTICULTURA
"GARCIA, ANTONIO",FINCA ANTONIO GARCIA,54105,HORTICULTURA
GOMEZ PEDRO VICENTE,GRANJA TIA NORA,54105,FRUTICULTURA/HORTICULTURA
GRUPO PEÑAFLOR SA,LA PORTEÑA,54105,FRUTICULTURA
ICEBERG AGRICOLA S.A.,CULTIVOS ANDINOS,54105,FRUTICULTURA/HORTICULTURA
ICEBERG AGRICOLA S.A.,BORGOGNO LEONARDO,54105,FRUTICULTURA/HORTICULTURA
ICEBERG AGRICOLA S.A.,SANTOS ROBERTO,54105,FRUTICULTURA/HORTICULTURA
ICEBERG AGRICOLA S.A.,LENCINAS RAUL,54105,FRUTICULTURA/HORTICULTURA
ICEBERG AGRICOLA S.A.,GIOJA JUAN CARLOS,54105,FRUTICULTURA/HORTICULTURA
ICEBERG AGRICOLA S.A.,DE VITA JUAN JESUS,54105,FRUTICULTURA/HORTICULTURA
ICEBERG AGRICOLA S.A.,BLANES SILVANA ELIZABETH,54105,FRUTICULTURA/HORTICULTURA
"LEIVA FERRER, ANTONIO ESTEBAN",LA PUNTILLA,54105,FRUTICULTURA
"MAS, MIGUEL (HUERTA ANAHATA)",HUERTA ORGANICA ANAHATA,54105,FRUTICULTURA/HORTICULTURA
PEÑAVID SA,FINCA SAN MARTIN,54105,FRUTICULTURA
VONO SA,FINCA 9 DE JULIO,54105,FRUTICULTURA
BORGHI MARIA LILIANA,"EL CUADRO, EL REMANSO, EL VERGEL, EL ALTO (EX SANTA MARIA)",54105,GANADERIA
FLORIN RAIMUNDO CARLOS,PIEDRA DEL AGUA,54105,GANADERIA
HEGUILOR GUILLERMO JULIO,AGUACLARA,54105,HORTICULTURA
JEWTUSZYK MIRTHA EDITH,BAUERHAUS,54105,FRUTICULTURA/HORTICULTURA
CIMADEVILLA ALEJANDRO,EL MOSCOSO,54105,GANADERIA
COMPAÑIA DE TIERRAS SUD ARGENTINO SA,ESTANCIA CONDOR,54105,GANADERIA
COMPAÑIA DE TIERRAS SUD ARGENTINO SA,ESTANCIA CORONEL,54105,GANADERIA
ESTANCIA KILLIK AIKE NORTE S.A.,ESTANCIA KILLIK AIKE NORTE,54105,GANADERIA
ESTANCIAS SARA BRAUN S.A.,SOFIA - BELLA VISTA- SAN ANTONIO,54105,GANADERIA
FUHRMANN S.A,SARAI,54105,GANADERIA
GORDON MARY ANN MARGARET,GORDON,54105,GANADERIA
IONA S.R.L.,CERRO CUADRADO,54105,GANADERIA
RIBAYA EDUARDO SANTIAGO,EL TRIUNFO - SECCION JUANITA,54105,GANADERIA
RIBAYA EDUARDO SANTIAGO,LA BUENOS AIRES - SEC. LOS ALAMOS Y DOS HNOS.,54105,GANADERIA
TIRACHINI ALEJANDRO HECTOR,LA CHAIRA-LA JUANITA-LA PORTEÑA,54105,GANADERIA
EL ROBLE EMPRENDIMIENTOS S.A.,CASA GRANDE,54105,AGRICULTURA
FRANK CARLOS WALTER,CARLOS WALTER FRANK,54105,APICULTURA
HOISL MARCELO,DON VICENTE,54105,APICULTURA
KUMAGRO S.A.,LA CATALINA,54105,AGRICULTURA
LA NUEVA FLORIDA S.A.,EL DORADO,54105,GANADERIA
LA NUEVA FLORIDA S.A.,LA NUEVA FLORIDA,54105,GANADERIA
MARIA GABRIELA NARDONI,PENASH,54105,APICULTURA
MARIO A. WINGEYER,ISLA EL PALMAR,54105,APICULTURA
PEREZ RAUL ARIEL,"LA RINCONADA, LOS CISNEROS, LA UNION",54105,APICULTURA
RODRIGO JAVIER SANDRIGO,ISLA MANOLO,54105,APICULTURA
SOYAPAMPA / MISKA SA,LA VIGILANCIA,54105,AGRICULTURA
AGRO PROFESIONAL SA,SOL DE JULIO,54105,AGRICULTURA
COOPSOL COOP. DE TRABAJO LTDA.,COOPSOL LORETO - PRODUCTOR,54105,APICULTURA
GOMEZ BRAVO OSCAR A. Y COOPSOL LTDA.,APIARIO AB,54105,APICULTURA
JOSE ALBERTO ROTULO Y COOPSOL LTDA.,APIARIO AR,54105,APICULTURA
JULIO ANSELMO TORRES Y COOPSOL LTDA,APIARIO CK,54105,APICULTURA
MUNICIPALIDAD DE LAS TERMAS DE RIO HONDO,UNIDAD DEMOSTRATIVA DE HORTALIZAS ORGANICAS DE LAS TERMAS DE RIO HONDO,54105,HORTICULTURA
PEREZ WALTER E. Y COOPSOL LTDA.,APIARIO AN,54105,APICULTURA
TORRES CLAUDIO F. Y COOPSOL LTDA.,APIARIO BN,54105,APICULTURA
AGRICOLA MARES S.A.,FINCA LOS JAZMINES,54105,FRUTICULTURA/HORTICULTURA
AMANKAY S.R.L.,FINCA LAURELES,54105,FRUTICULTURA/HORTICULTURA
BERRIES DEL ACONQUIJA SA.,FINCA LOMA LINDA,54105,FRUTICULTURA/HORTICULTURA
CITROMAX SACI,LAS LANZAS,54105,FRUTICULTURA/HORTICULTURA
ECOBERRIES S.A.,FINCA CLAUDIA,54105,FRUTICULTURA/HORTICULTURA
EL MADERO S.R.L.,EL MADERO,54105,FRUTICULTURA/HORTICULTURA
FINCAZUL S.A.,FINCA DON D,54105,FRUTICULTURA/HORTICULTURA
GARCIA DANIEL SEBASTIAN,ORGANICOS DEL SUR,54105,AGRICULTURA
GEBAL S.A.,EL NOGAL,54105,FRUTICULTURA
GREEN PACK S.A.,FINCA GREEN PACK,54105,FRUTICULTURA/HORTICULTURA
INVERSIONES MARAPA SRL,FINCA LOS BICHITOS,54105,FRUTICULTURA/HORTICULTURA
KINGBERRY S.A.,FINCA COCHAMOLLES,54105,FRUTICULTURA/HORTICULTURA
LA QUIMERA S.A.,"LA QUIMERA, COLONIA 6",54105,AGRICULTURA
LOS ALTOS S.A.,ROSA,54105,FRUTICULTURA
MULTIFRUT S.R.L.,FINCA ZAPULLA,54105,AGRICULTURA
SIGSTAD JUAN,FINCA LOS PIZARROS Y FINCA SAN IGNACIO,54105,FRUTICULTURA/HORTICULTURA
TIERRA DE BERRIES S.A.,TIERRA DE BERRIES,54105,FRUTICULTURA/HORTICULTURA
ESTANCIA MARIA BEHETY S.A.,MARIA BEHETY,54105,GANADERIA
ESTANCIAS SARA BRAUN S.A.,ESTANCIA SARA,54105,GANADERIA
LA JUCIELA S.A.,ESTANCIA SAN JULIO,54105,GANADERIA
LABORATORIOS FERRINI S.A.I.C.I.,LABORATORIOS FERRINI S.A.I.C.I.,54105,PRODUCTOS PARA EL CUIDADO PERSONAL
MIEL CETA S.R.L.,MIEL CETA S.R.L.,54105,PROCESAMIENTO APICOLA
NUTRIBABY S.A.,NUTRIBABY S.A.,54105,PROCESAMIENTO FRUTALES Y HORTALIZAS
ALPA TRADE S.R.L.,ALPA TRADE S.R.L.,54105,PROCESAMIENTO CEREALES Y OLEAGINOSAS
ALVAREZ ANA MARIA,ALVAREZ ANA MARIA,54105,PROCESAMIENTO FRUTALES Y HORTALIZAS
BANDERITAS S.A.,BANDERITAS S.A.,54105,ACOPIO Y ACONDICIONAMIENTO DE GRANOS
BIO GRAINS SA,BIO GRAINS SA,54105,ELABORACION Y EXTRACCION DE ACEITE
BIO GRAINS SA,BIO GRAINS SA,54105,ACOPIO Y ACONDICIONAMIENTO DE GRANOS
BIO GRAINS SA,BIO GRAINS SA,54105,ACOPIO Y ACONDICIONAMIENTO DE GRANOS
BIOCARDALES S.A.,BIOCARDALES S.A.,54105,ACOPIO Y ACONDICIONAMIENTO DE GRANOS
BIOMAC S.R.L.,BIOMAC S.R.L.,54105,PROCESAMIENTO FRUTALES Y HORTALIZAS
CIDEL ORGANICA SRL,CIDEL ORGANICA SRL,54105,EMPAQUE DE HORTALIZAS
DIETETICA CIENTIFICA S.A.C.I.F.I.,DIETETICA CIENTIFICA S.A.C.I.F.I.,54105,PROCESAMIENTO CULTIVOS INDUSTRIALES
EL TALADRILLO SRL,EL TALADRILLO SRL,54105,ACOPIO Y ACONDICIONAMIENTO DE GRANOS
"ETCHEBEST, PEDRO GASTON","ETCHEBEST, PEDRO GASTON",54105,EMPAQUE DE FRUTAS NO CITRICAS
FECHSER RICARDO MAXIMO,FECHSER RICARDO MAXIMO,54105,PROCESAMIENTO CEREALES Y OLEAGINOSAS
GARRIDO STELLA MARIS,GARRIDO STELLA MARIS,54105,INDUSTRIA LACTEA
GRUPO ADN S.A.,GRUPO ADN S.A.,54105,ALIMENTACION ANIMAL
HIGH DOOR S.A.,HIGH DOOR S.A.,54105,OTROS
HIGH DOOR S.A.,HIGH DOOR S.A.,54105,OTROS
JOSE MANUEL RABANEDO,JOSE MANUEL RABANEDO,54105,ACONDICIONAMIENTO Y EMPAQUE
KUMAGRO S.A.,KUMAGRO S.A.,54105,PROCESAMIENTO CEREALES Y OLEAGINOSAS
LA ESQUINA DE LAS FLORES SRL,LA ESQUINA DE LAS FLORES SRL,54105,"PANIFICACION, GRANOS Y CEREALES, HARINAS, LEGUMBRES, YERBA MATE, AZUCAR, MIEL"
LAVANDAS DE LAS SIERRAS S.R.L.,LAVANDAS DE LAS SIERRAS S.R.L.,54105,"ELABORACION , FRACCIONAMIENTO Y DEPOSITO DE HIERBAS AROMATICAS Y MEDICINALES"
LUIS A. DUCRET Y CIA. S.A.,LUIS A. DUCRET Y CIA. S.A.,54105,PROCESAMIENTO CEREALES Y OLEAGINOSAS
ORO RUBI S.A.,ORO RUBI S.A.,54105,PROCESAMIENTO FRUTALES Y HORTALIZAS
PACHAMAMA PRODUCTS SRL.,PACHAMAMA PRODUCTS SRL.,54105,PROCESAMIENTO CEREALES Y OLEAGINOSAS
PATAGONIAN FRUITS TRADE SA,PATAGONIAN FRUITS TRADE SA,54105,FRIGORIFICOS Y EMPAQUE PARA  FRUTAS
PETROAGRO S.A.,PETROAGRO S.A.,54105,PROCESAMIENTO CEREALES Y OLEAGINOSAS
PETROAGRO S.A.,PETROAGRO S.A.,54105,PROCESAMIENTO CEREALES Y OLEAGINOSAS
PLANES CARLOS RODOLFO,PLANES CARLOS RODOLFO,54105,PROCESAMIENTO CEREALES Y OLEAGINOSAS
PRODUCTOS AFER IMPORTADORA Y EXPORTADORA SA,PRODUCTOS AFER IMPORTADORA Y EXPORTADORA SA,54105,FRACCIONAMIENTO DE MIEL
PROSAL S.A.,PROSAL S.A.,54105,PROCESAMIENTO CULTIVOS INDUSTRIALES
PROVIDENCE SA,PROVIDENCE SA,54105,LIMPIEZA DE GRANOS
PUREST FIELDS SA,PUREST FIELDS SA,54105,FRACCIONAMIENTO DE MIEL
RIVARA S.A.,RIVARA S.A.,54105,PROCESAMIENTO CEREALES Y OLEAGINOSAS
RIVARA S.A.,RIVARA S.A.,54105,PROCESAMIENTO CEREALES Y OLEAGINOSAS
RIVARA SA,RIVARA SA,54105,ELABORACION
RIVARA SA,RIVARA SA,54105,ACOPIO Y ACONDICIONAMIENTO DE GRANOS
SUCESION DE HARALDO WITOMIR TOMYS,SUCESION DE HARALDO WITOMIR TOMYS,54105,PROCESAMIENTO APICOLA
UNIVERSAL GRAIN ARGENTINA S.A.,UNIVERSAL GRAIN ARGENTINA S.A.,54105,PROCESAMIENTO CEREALES Y OLEAGINOSAS
VILLAMORA S.A.,VILLAMORA S.A.,54105,PROCESAMIENTO APICOLA
VIÑAS DE ALTO SALVADOR S.A.V.A.I.C,VIÑAS DE ALTO SALVADOR S.A.V.A.I.C,54105,ACOPIO
LA LUNA DE CATAMARCA SA,LA LUNA DE CATAMARCA SA,54105,EXTRACCION DE ACEITE
OLIVARES DE POMAN SA,OLIVARES DE POMAN SA,54105,EXTRACCION DE ACEITE
OLIVAS AL MUNDO S.A.,OLIVAS AL MUNDO S.A.,54105,PROCESAMIENTO CULTIVOS INDUSTRIALES
CAMPOMANI S.A.,CAMPOMANI S.A.,54105,PROCESAMIENTO DE CEREALES Y OLEAGINOSAS.
LA MECO S.R.L,LA MECO S.R.L,54105,EMPAQUE DE HORTALIZAS
"LORENZATI, RUETSCH Y CIA - LR&C SA","LORENZATI, RUETSCH Y CIA - LR&C SA",54105,ACOPIO Y ACONDICIONAMIENTO DE GRANOS
NUTRIN S.A.,NUTRIN S.A.,58014,PROCESAMIENTO CEREALES Y OLEAGINOSAS
NUTRIN SA,NUTRIN SA,58014,PROCESAMIENTO DE MANI
OLIVARES Y VIÑEDOS SAN NICOLAS S.A.,OLIVARES Y VIÑEDOS SAN NICOLAS S.A.,58014,PROCESAMIENTO FRUTALES Y HORTALIZAS
PRONUT S.R.L.,PRONUT S.R.L.,58014,PROCESAMIENTO CEREALES Y OLEAGINOSAS
PRONUT SRL,PRONUT SRL,58014,PROCESAMIENTO DE MANI Y SOJA
PRONUT SRL - PLANTA PERLO.,PRONUT SRL - PLANTA PERLO.,58014,PROCESAMIENTO DE MANI Y SOJA
SARDI JOSE LUIS,SARDI JOSE LUIS,58014,PROCESAMIENTO APICOLA
RIGO MARQUES GILMAR,RIGO MARQUES GILMAR,58014,PROCESAMIENTO CEREALES Y OLEAGINOSAS
CODUTTI DANIEL HUGO,CODUTTI DANIEL HUGO,58014,PROCESAMIENTO APICOLA
RIMONDINO ENRIQUE,RIMONDINO ENRIQUE,58014,PROCESAMIENTO APICOLA
HIERBAS PATAGONICAS SRL,HIERBAS PATAGONICAS SRL,58014,OTROS
PEINADURIA RIO CHUBUT S.A.,PEINADURIA RIO CHUBUT S.A.,58014,PROCESAMIENTO TEXTIL
ROSA PATAGONICA S.A.,ROSA PATAGONICA S.A.,58014,"SECADO, ACONDICIONAMIENTO, ELABORACION Y ACOPIO"
ROSA PATAGONICA S.A.,ROSA PATAGONICA S.A.,58014,"SECADO, ACONDICIONAMIENTO, ELABORACION Y ACOPIO"
SORIANO SACIFIA Y DE M,SORIANO SACIFIA Y DE M,14035,PROCESAMIENTO PRODUCTOS ORGANICOS
SORIANO SACIFIA Y DE M,SORIANO SACIFIA Y DE M,14035,PROCESAMIENTO PRODUCTOS ORGANICOS
UNILAN TRELEW S.A.,UNILAN TRELEW S.A.,14035,PROCESAMIENTO TEXTIL
BOTTEGAL JUAN ANGEL Y BOTTEGAL JULIO CESAR S.H.,BOTTEGAL JUAN ANGEL Y BOTTEGAL JULIO CESAR S.H.,62014,EXTRACCION DE MIEL
CAUPOLICAN SRL,CAUPOLICAN SRL,14035,ACOPIO Y ACONDICIONAMIENTO DE GRANOS
DOS HERMANOS S.A.,DOS HERMANOS S.A.,14035,FRACCIONAMIENTO Y EMPAQUE DE ARROZ
ECA  SA,ECA  SA,14035,ELABORACION DE  JUGOS CONCENTRADOS Y FABRICA DE ACEITES ESENCIALES
MAGNO S.A.,MAGNO S.A.,14035,ACOPIO Y ACONDICIONAMIENTO DE GRANOS
STIVANELLO JUAN CARLOS,STIVANELLO JUAN CARLOS,14035,PROCESAMIENTO FRUTALES Y HORTALIZAS
INGENIO LA ESPERANZA S.A.,INGENIO LA ESPERANZA S.A.,14035,PROCESAMIENTO CULTIVOS INDUSTRIALES
LOGISTICAS INTEGRALES S.A.,LOGISTICAS INTEGRALES S.A.,62014,ACOPIO Y ACONDICIONAMIENTO DE GRANOS
CLEAN INVESTMENT SA,CLEAN INVESTMENT SA,62014,EXTRACCION DE ACEITE
CONCESIONARIA DE FINCAS EL RENUEVO S.A.,CONCESIONARIA DE FINCAS EL RENUEVO S.A.,14035,PROCESAMIENTO FRUTALES Y HORTALIZAS
COOPERATIVA VITIVINIFRUTICOLA  LA RIOJANA LTDA.,COOPERATIVA VITIVINIFRUTICOLA  LA RIOJANA LTDA.,14035,ELABORACION DE JUGOS Y BODEGA VITIVINICOLA
COOPERATIVA VITIVINIFRUTICOLA  LA RIOJANA LTDA.,COOPERATIVA VITIVINIFRUTICOLA  LA RIOJANA LTDA.,14035,BODEGA VITIVINICOLA
FUERTE DEL BAÑADO S.A.,FUERTE DEL BAÑADO S.A.,62014,PROCESAMIENTO CULTIVOS INDUSTRIALES
"GARROT, CARLOS PEDRO","GARROT, CARLOS PEDRO",14035,SECADERO DE FRUTAS
GSP EMPRENDIMIENTOS AGROPECUARIOS SA,GSP EMPRENDIMIENTOS AGROPECUARIOS SA,14035,PROCESAMIENTO CULTIVOS INDUSTRIALES
INDUSTRIAS QUIMICAS Y MINERAS TIMBO S.A.,INDUSTRIAS QUIMICAS Y MINERAS TIMBO S.A.,14035,PROCESAMIENTO FRUTALES Y HORTALIZAS
L.I.R.A. S.A.,L.I.R.A. S.A.,14035,ELABORACION DE PASAS DE UVA
L.I.R.A. S.A.,L.I.R.A. S.A.,14035,SECADO DE FRUTAS
ADETECH S.A.,ADETECH S.A.,14035,PROCESAMIENTO FRUTALES Y HORTALIZAS
ANDILLIAN SA,ANDILLIAN SA,14035,BODEGA VITIVINICOLA
ARGENTBIO S.R.L.,ARGENTBIO S.R.L.,14035,PROCESAMIENTO FRUTALES Y HORTALIZAS
AVA S.A.,AVA S.A.,14035,PROCESAMIENTO FRUTALES Y HORTALIZAS
BAMENEX S.A.,BAMENEX S.A.,14035,PROCESAMIENTO FRUTALES Y HORTALIZAS
BAMENEX S.A.,BAMENEX S.A.,14035,PROCESAMIENTO FRUTALES Y HORTALIZAS
BODEGAS Y VIÑEDOS V.O.B. S.A.,BODEGAS Y VIÑEDOS V.O.B. S.A.,14035,BODEGA VITIVINICOLA
CAMPAL S.A.,CAMPAL S.A.,14035,INDUSTRIA VITIVINICOLA
CAMPO GRANDE S.A.,CAMPO GRANDE S.A.,14035,PROCESAMIENTO FRUTALES Y HORTALIZAS
CHIMENO RUBEN W,CHIMENO RUBEN W,14035,INDUSTRIALIZACION DE FRUTAS DESECADAS
CK Y ASOCIADOS S.A.,CK Y ASOCIADOS S.A.,14035,BODEGA VITIVINICOLA
COOPERATIVA VITIVINICOLA DE MENDOZA,COOPERATIVA VITIVINICOLA DE MENDOZA,14035,BODEGA VITIVINICOLA
DOMAINE JEAN BOUSQUET  S.A.,DOMAINE JEAN BOUSQUET  S.A.,14035,BODEGA VITIVINICOLA
DOMAINE JEAN BOUSQUET  S.A.,DOMAINE JEAN BOUSQUET  S.A.,14035,BODEGA VITIVINICOLA
DOMAINE JEAN BOUSQUET S.A.,DOMAINE JEAN BOUSQUET S.A.,14035,INDUSTRIA VITIVINICOLA
ECO HOLDING S.R.L.,ECO HOLDING S.R.L.,14035,PROCESAMIENTO FRUTALES Y HORTALIZAS
EL MORO SRL,EL MORO SRL,14035,BODEGA VITIVINICOLA
EL MORO SRL,EL MORO SRL,14035,ALMACENAMIENTO
EMPRESA COMERCIAL EXPORTADORA S.A.,EMPRESA COMERCIAL EXPORTADORA S.A.,14035,BODEGA VITIVINICOLA
FENIX S.A.,FENIX S.A.,14035,PROCESAMIENTO FRUTALES Y HORTALIZAS
FINCA VON WIGSTEIN S.A.,FINCA VON WIGSTEIN S.A.,14035,BODEGA VITIVINICOLA
JUGOS AUSTRALES S.A.,JUGOS AUSTRALES S.A.,14035,FRIGORIFICO PARA  MOSTO
JUGOS AUSTRALES S.A.,JUGOS AUSTRALES S.A.,14035,FRIGORIFICO PARA  MOSTO
LA AGRICOLA S.A.,LA AGRICOLA S.A.,62014,BODEGA VITIVINICOLA
LLIHUE S.A.,LLIHUE S.A.,14035,BODEGA VITIVINICOLA
MENDOZA VINEYARDS S.A.,MENDOZA VINEYARDS S.A.,14035,FRACCIONAMIENTO DE VINO
NUEZ DE ACONCAGUA S.A.,NUEZ DE ACONCAGUA S.A.,14035,PROCESAMIENTO FRUTALES Y HORTALIZAS
OJO DE VINO SA,OJO DE VINO SA,14035,BODEGA VITIVINICOLA
OJO DE VINO SA,OJO DE VINO SA,14035,BODEGA VITIVINICOLA
OLIVARES DE DON IGNACIO S.A.,OLIVARES DE DON IGNACIO S.A.,14035,EXTRACCION DE ACEITE Y ELABORACION DE ACEITUNAS Y OTROS
PROVIVA S.R.L.,PROVIVA S.R.L.,14035,BODEGA VITIVINICOLA
PUENTE BLANCO S.A.,PUENTE BLANCO S.A.,14035,PROCESAMIENTO FRUTALES Y HORTALIZAS
PULMARY S.A.,PULMARY S.A.,14035,INDUSTRIA VITIVINICOLA
ROLLAND WINES AND CONSULTING S.A.,ROLLAND WINES AND CONSULTING S.A.,14035,INDUSTRIA VITIVINICOLA
S.A. BODEGA ENRIQUE VOLLMER - UCO VALLEY,S.A. BODEGA ENRIQUE VOLLMER - UCO VALLEY,14035,BODEGA VITIVINICOLA
VALENTIN BIANCHI SACIF,VALENTIN BIANCHI SACIF,14035,BODEGA VITIVINICOLA
VILLA ATUEL S.A.,VILLA ATUEL S.A.,14035,PROCESAMIENTO CULTIVOS INDUSTRIALES
VINECOL S.A.,VINECOL S.A.,14035,BODEGA VITIVINICOLA
VIÑAS ARGENTINAS SA,VIÑAS ARGENTINAS SA,14035,ELABORACION DE JUGO CONCENTRADO
VIÑAS DE ALTO SALVADOR S.A.V.A.I.C,VIÑAS DE ALTO SALVADOR S.A.V.A.I.C,14035,BODEGA VITIVINICOLA
VITTORI ROBERTO Y VERONICA S.H.,VITTORI ROBERTO Y VERONICA S.H.,14035,ELABORACION; FRACCIONAMIENTO; EMPAQUE; ACOPIO
COOP. AGRICOLA LTDA. RUIZ DE MONTOYA,COOP. AGRICOLA LTDA. RUIZ DE MONTOYA,14035,PROCESAMIENTO CULTIVOS INDUSTRIALES
COOPERATIVA AGRICOLA MIXTA DE MONTE CARLO LIMITADA,COOPERATIVA AGRICOLA MIXTA DE MONTE CARLO LIMITADA,14035,"SECADERO , MOLINO Y FRACCIONAMIENTO DE TE, YERBA MATE"
INGENIO SAN JAVIER,INGENIO SAN JAVIER,14035,PROCESAMIENTO CULTIVOS INDUSTRIALES
KOTH ITATI MARIA EVANGELINA,KOTH ITATI MARIA EVANGELINA,14035,PROCESAMIENTO CULTIVOS INDUSTRIALES
PARK ANNA,PARK ANNA,14035,PROCESAMIENTO CULTIVOS INDUSTRIALES
"BARTUSCH, ERNESTO ","BARTUSCH, ERNESTO ",14035,EMPAQUE DE HORTALIZAS Y FRUTAS NO CITRICAS
COMPAÑIA GENERAL DE FRUTAS S.A.,COMPAÑIA GENERAL DE FRUTAS S.A.,14035,EMPAQUE DE FRUTAS NO CITRICAS
COOPERATIVA FRUTICOLA DE NEUQUEN LTDA.,COOPERATIVA FRUTICOLA DE NEUQUEN LTDA.,14035,EMPAQUE DE FRUTAS NO CITRICAS
FRUTICULTORES UNIDOS CENTENARIO SRL,FRUTICULTORES UNIDOS CENTENARIO SRL,14035,EMPAQUE DE FRUTAS NO CITRICAS
JUGOS DEL SUR S.A.,JUGOS DEL SUR S.A.,14035,ELABORACION
LA DELICIOSA S.A.,LA DELICIOSA S.A.,14035,EMPAQUE Y FRIGORIFICO DE FRUTAS NO CITRICAS
LA DELICIOSA S.A.,LA DELICIOSA S.A.,14035,EMPAQUE Y FRIGORIFICO DE FRUTAS NO CITRICAS
PATAGONIAN FRUITS TRADE SA,PATAGONIAN FRUITS TRADE SA,14035,EMPAQUE DE FRUTAS NO CITRICAS
EXPOFRUT ARGENTINA S.A.,EXPOFRUT ARGENTINA S.A.,14035,EMPAQUE DE FRUTAS NO CITRICAS
FLORES NORPATAGONICAS S.R.L.,FLORES NORPATAGONICAS S.R.L.,66014,ELABORACION DE ACEITE DE ROSA MOSQUETA
FRUTICULTORES EMPACADORES DE GENERAL ROCA S.A.C.I.A.E I.,FRUTICULTORES EMPACADORES DE GENERAL ROCA S.A.C.I.A.E I.,66021,EMPAQUE Y FRIGORIFICO FRUTAS NO CITRICAS
FRUTICULTORES UNIDOS CENTENARIO SRL,FRUTICULTORES UNIDOS CENTENARIO SRL,66021,EMPAQUE Y FRIGORIFICO FRUTAS NO CITRICAS
"GREGORIO, NUMO Y NOEL WERTHEIN SA ","GREGORIO, NUMO Y NOEL WERTHEIN SA ",62091,ELABORACION DE MANZANA Y PERA DEHIDRATADA
JUGOS SA,JUGOS SA,70021,ALMACENAMIENTO Y FRIO PARA FRUTAS NO CITRICAS
JUGOS SA,JUGOS SA,62091,ALMACENAMIENTO Y FRIO PARA FRUTAS NO CITRICAS
LA CONQUISTA SRL,LA CONQUISTA SRL,70063,EMPAQUE FRUTAS NO CITRICAS
LAMPERTI HNOS S.R.L.,LAMPERTI HNOS S.R.L.,70021,PROCESAMIENTO FRUTALES Y HORTALIZAS
MARESBA SRL,MARESBA SRL,70105,EMPAQUE PARA FRUTA NO CITRICA
ORGANICOS LM S.R.L.,ORGANICOS LM S.R.L.,70063,EMPAQUE Y FRIO
PATAGONIAN FRUITS TRADE SA,PATAGONIAN FRUITS TRADE SA,26077,FRIGORIFICOS PARA  FRUTAS
PATAGONIAN FRUITS TRADE SA,PATAGONIAN FRUITS TRADE SA,26077,FRIGORIFICOS PARA  FRUTAS
QUANTUM S.R.L.,QUANTUM S.R.L.,26077,SECADO; PELADO; ENVASADO; ALMACENAMIENTO
BODEGAS NANNI S.A.,BODEGAS NANNI S.A.,26077,BODEGA VITIVINICOLA
DMC AGROINDUSTRIAL SRL,DMC AGROINDUSTRIAL SRL,26077,PROCESAMIENTO CEREALES Y OLEAGINOSAS
ECO AGROPECUARIA SA,ECO AGROPECUARIA SA,26077,ACOPIO Y ACONDICIONAMIENTO DE GRANOS
GRUPO PEÑAFLOR SA,GRUPO PEÑAFLOR SA,26077,BODEGA VITIVINICOLA. ELABORACION DE MOSTO CONCENTRADO DE UVAS
PROSAL S.A.,PROSAL S.A.,70063,PROCESAMIENTO CULTIVOS INDUSTRIALES
TECNO OIL S.R.L.,TECNO OIL S.R.L.,06042,PROCESAMIENTO CEREALES Y OLEAGINOSAS
CASSAB AHUN S.R.L,CASSAB AHUN S.R.L,06196,PROCESAMIENTO FRUTALES Y HORTALIZAS
CONEXPORT S.A. (CONSORCIO EXPORTADOR),CONEXPORT S.A. (CONSORCIO EXPORTADOR),74014,ELABORACION DE MOSTO CONCENTRADO DE UVA
"GARCIA, ANTONIO","GARCIA, ANTONIO",54105,EMPAQUE DE HORTALIZAS
GRUPO PEÑAFLOR SA,GRUPO PEÑAFLOR SA,54105,ELABORACION DE JUGO CONCENTRADO
ICEBERG AGRICOLA S.A.,ICEBERG AGRICOLA S.A.,22147,PROCESAMIENTO FRUTALES Y HORTALIZAS
"MAS, MIGUEL (HUERTA ANAHATA)","MAS, MIGUEL (HUERTA ANAHATA)",54105,"BODEGA VITIVINICOLA Y ELABORACION DE  VINAGRE, MERMELADAS, HUMUS DE LOMBRIZ"
VIÑA MONTPELLIER S.A.,VIÑA MONTPELLIER S.A.,62014,ELABORACION DE MOSTO CONCENTRADO
ELABORADORES DE FRUTA S.A.,ELABORADORES DE FRUTA S.A.,86049,FRIGORIFICOS PARA  FRUTAS
LOPEZ GRACIELA M.,LOPEZ GRACIELA M.,86049,ELABORACION DE DULCES
URIEN LOZA S.A.,URIEN LOZA S.A.,86049,INDUSTRIA CARNICA
V Y V ALIMENTOS S.A.,V Y V ALIMENTOS S.A.,86049,"ELABORACION, FRACCIONAMIENTO, ALMACENAMIENTO, CONGELADO"
AGRICOLA MARES S.A.,AGRICOLA MARES S.A.,86049,PROCESAMIENTO FRUTALES Y HORTALIZAS
CITROMAX S.A.C.I,CITROMAX S.A.C.I,86049,EMPAQUE DE PRODUCTOS DE LIMON
CITROMAX SACI,CITROMAX SACI,90063,PROCESAMIENTO FRUTALES Y HORTALIZAS
CITROMAX SACI,CITROMAX SACI,46042,PROCESAMIENTO FRUTALES Y HORTALIZAS
FIDEICOMISO BERRIES DEL NOA 2005,FIDEICOMISO BERRIES DEL NOA 2005,46042,PROCESAMIENTO FRUTALES Y HORTALIZAS
FINCAZUL S.A.,FINCAZUL S.A.,46042,PROCESAMIENTO FRUTALES Y HORTALIZAS
GREEN PACK S.A.,GREEN PACK S.A.,46042,PROCESAMIENTO FRUTALES Y HORTALIZAS
INVERSIONES MARAPA SRL,INVERSIONES MARAPA SRL,50091,PROCESAMIENTO FRUTALES Y HORTALIZAS
JUAN SIGSTAD S.R.L.,JUAN SIGSTAD S.R.L.,18056,PROCESAMIENTO FRUTALES Y HORTALIZAS
KINGBERRY S.A.,KINGBERRY S.A.,30070,PROCESAMIENTO FRUTALES Y HORTALIZAS
MULTIFRUT S.R.L.,MULTIFRUT S.R.L.,18091,PROCESAMIENTO CEREALES Y OLEAGINOSAS
NURISTAN S.A.,NURISTAN S.A.,54105,PROCESAMIENTO FRUTALES Y HORTALIZAS
TIERRA DE ARANDANOS SRL.,TIERRA DE ARANDANOS SRL.,58014,PROCESAMIENTO FRUTALES Y HORTALIZAS
VALDES S.R.L.,VALDES S.R.L.,14035,ELABORACION Y ENVASADO
ANDILLIAN SA,ANDILLIAN SA,14035,SIN DEFINIR
CHARGEURS WOOL ARGENTINA S.A.,CHARGEURS WOOL ARGENTINA S.A.,14035,SIN DEFINIR
DANIEL ORLANDO BAZAN RICHIBUT,DANIEL ORLANDO BAZAN RICHIBUT,14035,SIN DEFINIR
EMECINCO SA,EMECINCO SA,66021,SIN DEFINIR
ESTABLEC. TEXTILES ITUZAINGO S.A.C.F.I.,ESTABLEC. TEXTILES ITUZAINGO S.A.C.F.I.,66021,SIN DEFINIR
FDB AGROEXPORT S.A.,FDB AGROEXPORT S.A.,26077,SIN DEFINIR
FLOTOM SRL,FLOTOM SRL,26077,SIN DEFINIR
ECO HOLDING S.R.L.,ECO HOLDING S.R.L.,90063,SIN DEFINIR
FOWLER S.A.,FOWLER S.A.,14035,SIN DEFINIR
GALATIC SA,GALATIC SA,14035,SIN DEFINIR
HONEY & GRAINS SRL,HONEY & GRAINS SRL,54105,SIN DEFINIR
HONEY THINGS SA,HONEY THINGS SA,14035,SIN DEFINIR
IDALTEK SA,IDALTEK SA,54105,SIN DEFINIR
MAOAR S.R.L.,MAOAR S.R.L.,18056,SIN DEFINIR
ONSIBON S.A.,ONSIBON S.A.,14035,SIN DEFINIR
PAMPA STORE S.A.,PAMPA STORE S.A.,14035,SIN DEFINIR
PHOENICIAN TRADING S.A.,PHOENICIAN TRADING S.A.,38063,SIN DEFINIR
SONY ARGENTINA S.A.,SONY ARGENTINA S.A.,46042,SIN DEFINIR
TREVISUR SA,TREVISUR SA,70084,SIN DEFINIR
UNILAN TRELEW S.A.,UNILAN TRELEW S.A.,10098,SIN DEFINIR
AGRICOLA EL HORIZONTE SA,AGRICOLA EL HORIZONTE SA,62014,SIN DEFINIR
BIOMAC S.R.L.,BIOMAC S.R.L.,14035,SIN DEFINIR
D SOLANS Y OTROS SA,D SOLANS Y OTROS SA,14140,SIN DEFINIR
EARLY CROP S.A.,EARLY CROP S.A.,30070,SIN DEFINIR
EXPOFRESH S.A.,EXPOFRESH S.A.,54105,SIN DEFINIR
HORTIFRUT EXPOFRESH S.A.,HORTIFRUT EXPOFRESH S.A.,54105,SIN DEFINIR
INC S.A.,INC S.A.,54105,SIN DEFINIR
LA ESQUINA DE LAS FLORES SRL,LA ESQUINA DE LAS FLORES SRL,54105,SIN DEFINIR
SECOMEX SRL,SECOMEX SRL,54105,SIN DEFINIR
SOYAPAMPA SA,SOYAPAMPA SA,54105,SIN DEFINIR
CONOSUR FOODS ARGENTINA S.A.,CONOSUR FOODS ARGENTINA S.A.,54105,SIN DEFINIR
JL SA,JL SA,54105,SIN DEFINIR
LORENZATI RUETSCH Y CIA. S.A.,LORENZATI RUETSCH Y CIA. S.A.,54105,SIN DEFINIR
LORENZO PERLO Y CIA SA,LORENZO PERLO Y CIA SA,54105,SIN DEFINIR
NUTRIN SA,NUTRIN SA,54105,SIN DEFINIR
PRONUT S.R.L.,PRONUT S.R.L.,54105,SIN DEFINIR
PRONUT SRL,PRONUT SRL,54105,SIN DEFINIR
LEMPRIERE S.A.,LEMPRIERE S.A.,14035,SIN DEFINIR
CAUPOLICAN SRL,CAUPOLICAN SRL,14035,SIN DEFINIR
NEOFARMS S.R.L.,NEOFARMS S.R.L.,14035,SIN DEFINIR
AGRO RUGGERI S.A.,AGRO RUGGERI S.A.,62014,SIN DEFINIR
BIOFRATER SA,BIOFRATER SA,14035,SIN DEFINIR
HACIENDA TUPUNGATO SA,HACIENDA TUPUNGATO SA,14035,SIN DEFINIR
LEA SA,LEA SA,14035,SIN DEFINIR
VIÑAS DE LUJAN S.R.L.,VIÑAS DE LUJAN S.R.L.,14035,SIN DEFINIR
SOCIEDAD ARGENTINA PARA NUEVOS  EMPRENDIMIENTOS S.A. (SANESA),SOCIEDAD ARGENTINA PARA NUEVOS  EMPRENDIMIENTOS S.A. (SANESA),14035,SIN DEFINIR
AGRO ROCA SA,AGRO ROCA SA,14035,SIN DEFINIR
ALQUIMIA ARGENTINA SH,ALQUIMIA ARGENTINA SH,14035,SIN DEFINIR
AGRO ALLIUM SA,AGRO ALLIUM SA,50091,SIN DEFINIR
TRADING SUR S.A.,TRADING SUR S.A.,62091,SIN DEFINIR
CARRIZO ARQUIMEDES R.T.,CARRIZO ARQUIMEDES R.T.,62091,SIN DEFINIR
DUCK BABY S.R.L.,DUCK BABY S.R.L.,70063,SIN DEFINIR
FUTURE FIRE S.A.,FUTURE FIRE S.A.,06042,SIN DEFINIR
GONZALEZ MARIANO ANGEL,GONZALEZ MARIANO ANGEL,74014,PROCESAMIENTO CEREALES Y OLEAGINOSAS
RIVARA S.A.,RIVARA S.A.,70063,PROCESAMIENTO CEREALES Y OLEAGINOSAS
UTE BV S.A.,UTE BV S.A.,22147,PROCESAMIENTO FRUTALES Y HORTALIZAS
FOWLER S.A.,FOWLER S.A.,14035,PROCESAMIENTO TEXTIL
LEMPRIERE S.A.,LEMPRIERE S.A.,26077,PROCESAMIENTO TEXTIL
BOTTEGAL JUAN ANGEL Y BOTTEGAL JULIO CESAR S.H.,BOTTEGAL JUAN ANGEL Y BOTTEGAL JULIO CESAR S.H.,54105,EXTRACCION DE MIEL
BEATRIZ VASQUEZ Y JUAN CARLOS CAMARGO SH,BEATRIZ VASQUEZ Y JUAN CARLOS CAMARGO SH,54105,INDUSTRIA VITIVINICOLA
BIO AGRICULTORES S.A.,BIO AGRICULTORES S.A.,54105,PROCESAMIENTO FRUTALES Y HORTALIZAS
DOMAINE JEAN BOUSQUET  S.A.,DOMAINE JEAN BOUSQUET  S.A.,54105,BODEGA VITIVINICOLA
ESTABLECIMIENTOS VITIVINICOLAS ESCORIHUELA S.A.,ESTABLECIMIENTOS VITIVINICOLAS ESCORIHUELA S.A.,54105,BODEGA VITIVINICOLA
PEDRO Y JORGE CECCHIN S.R.L.,PEDRO Y JORGE CECCHIN S.R.L.,14035,INDUSTRIA VITIVINICOLA
PRUGNA SRL,PRUGNA SRL,14035,PROCESAMIENTO FRUTALES Y HORTALIZAS
SANES S.A.,SANES S.A.,14035,PROCESAMIENTO FRUTALES Y HORTALIZAS
SENAREGA NELSON MARIO,SENAREGA NELSON MARIO,66021,PROCESAMIENTO FRUTALES Y HORTALIZAS
SOLANDES S.A.,SOLANDES S.A.,06532,INDUSTRIA VITIVINICOLA
SONIA Y LILIANA FERRO S.H.,SONIA Y LILIANA FERRO S.H.,26077,INDUSTRIALIZACION DE FRUTAS DESECADAS
LA DELICIOSA S.A.,LA DELICIOSA S.A.,10098,EMPAQUE Y FRIGORIFICO DE FRUTAS NO CITRICAS
PATAGONIAN FRUITS TRADE SA,PATAGONIAN FRUITS TRADE SA,62091,FRIGORIFICOS PARA  FRUTAS
PATAGONIAN FRUITS TRADE SA,PATAGONIAN FRUITS TRADE SA,70105,EMPAQUE DE FRUTAS NO CITRICAS
PRIMERA COOPERATIVA FRUTICOLA DE GENERAL ROCA LTDA.,PRIMERA COOPERATIVA FRUTICOLA DE GENERAL ROCA LTDA.,54105,EMPAQUE DE FRUTAS NO CITRICAS
CONEXPORT S.A. (CONSORCIO EXPORTADOR),CONEXPORT S.A. (CONSORCIO EXPORTADOR),54105,ELABORACION DE MOSTO CONCENTRADO DE UVA
GRUPO PEÑAFLOR SA,GRUPO PEÑAFLOR SA,58014,BODEGA VITIVINICOLA. ELABORACION DE MOSTO CONCENTRADO DE UVAS
PEREZ RAUL ARIEL,PEREZ RAUL ARIEL,54105,EXTRACCION Y FRACCIONAMIENTO DE MIEL
IMPORTADORA DEL CARMEN S.A.,IMPORTADORA DEL CARMEN S.A.,14035,PROCESAMIENTO CEREALES Y OLEAGINOSAS
ARGENTBIO S.R.L.,ARGENTBIO S.R.L.,54105,SIN DEFINIR
BIO GRAINS SA,BIO GRAINS SA,58014,SIN DEFINIR
GOLONDRINA TRADING SRL,GOLONDRINA TRADING SRL,14035,SIN DEFINIR
INTERRUPCION S.A.,INTERRUPCION S.A.,06770,SIN DEFINIR
KINGBERRY S.A.,KINGBERRY S.A.,54119,SIN DEFINIR
LABORATORIO ELEA S.A.C.I.F Y A.,LABORATORIO ELEA S.A.C.I.F Y A.,06770,SIN DEFINIR
LARTIRIGOYEN Y CIA S.A.,LARTIRIGOYEN Y CIA S.A.,06770,SIN DEFINIR
MOÑO AZUL SACYA,MOÑO AZUL SACYA,06770,SIN DEFINIR
ARECO SEMILLAS S.A.,ARECO SEMILLAS S.A.,06161,SIN DEFINIR
LAVANDAS DE LAS SIERRAS S.R.L.,LAVANDAS DE LAS SIERRAS S.R.L.,06210,SIN DEFINIR
PRODUCTOS AFER IMPORTADORA Y EXPORTADORA SA,PRODUCTOS AFER IMPORTADORA Y EXPORTADORA SA,06161,SIN DEFINIR
SOYAPAMPA S.A.,SOYAPAMPA S.A.,06210,SIN DEFINIR
JL S.A.,JL S.A.,06210,SIN DEFINIR
LA MECO S.R.L,LA MECO S.R.L,06210,SIN DEFINIR
NUTRIN S.A.,NUTRIN S.A.,54119,SIN DEFINIR
TRANSPORTE 9 DE JULIO S.A.,TRANSPORTE 9 DE JULIO S.A.,62049,SIN DEFINIR
FIDEICOMISO SANTA RITA,FIDEICOMISO SANTA RITA,06770,SIN DEFINIR
TRES WINES S.A.,TRES WINES S.A.,10070,SIN DEFINIR
COOP. AGRICOLA RUIZ DE MONTOYA LTDA.,COOP. AGRICOLA RUIZ DE MONTOYA LTDA.,70028,SIN DEFINIR
COOPERATIVA AGRICOLA MIXTA DE MONTECARLO LIMITADA,COOPERATIVA AGRICOLA MIXTA DE MONTECARLO LIMITADA,10070,SIN DEFINIR
PRODUCTORES ARGENTINOS INTEGRADOS S.A.,PRODUCTORES ARGENTINOS INTEGRADOS S.A.,10070,SIN DEFINIR
ECO FOOD SRL,ECO FOOD SRL,10070,SIN DEFINIR
CATASUS ANCHORENA ANDRES RAMON,CATASUS ANCHORENA ANDRES RAMON,06770,SIN DEFINIR
MOYCO SRL,MOYCO SRL,10070,SIN DEFINIR
BIOLIVE S.A.,BIOLIVE S.A.,66133,PROCESAMIENTO CULTIVOS INDUSTRIALES
LA LOMA ALIMENTOS S.A.,LA LOMA ALIMENTOS S.A.,66133,ACOPIO Y ACONDICIONAMIENTO DE GRANOS
BODEGA ARGENTO S.A.,BODEGA ARGENTO S.A.,66133,BODEGA VITIVINICOLA
BODEGAS Y VIÑEDOS V.O.B. S.A.,BODEGAS Y VIÑEDOS V.O.B. S.A.,10070,BODEGA VITIVINICOLA
R6 LA GUEVARINA S.A.,R6 LA GUEVARINA S.A.,66133,PROCESADO Y ENVASADO DE HORTALIZAS
CUATRO CAMINOS S.R.L.,CUATRO CAMINOS S.R.L.,66133,PROCESAMIENTO CULTIVOS INDUSTRIALES
COOPERATIVA FRUTICOLA DE NEUQUEN LTDA.,COOPERATIVA FRUTICOLA DE NEUQUEN LTDA.,10070,EMPAQUE DE FRUTAS NO CITRICAS
AGRICO.AR S.A.,AGRICO.AR S.A.,66133,EMPAQUE Y FRIGORIFICO DE FRUTAS NO CITRICAS
SARALEGUY SANDRO SERGIO,SARALEGUY SANDRO SERGIO,66133,EMPAQUE Y FRIO
RINCON AMARILLO S.A.,RINCON AMARILLO S.A.,14133,FRACCIONAMIENTO
RINCON AMARILLO S.A.,RINCON AMARILLO S.A.,14133,SECADERO DE FRUTAS
HOISL MARCELO,HOISL MARCELO,14133,EXTRACCION Y FRACCIONAMIENTO DE MIEL
FENIX FRUIT CONCENTRATES S.A.,FENIX FRUIT CONCENTRATES S.A.,14133,SIN DEFINIR
"BARTUSCH, ERNESTO ","BARTUSCH, ERNESTO ",14133,SIN DEFINIR
PACTA S.R.L.,PACTA S.R.L.,14133,SIN DEFINIR
INGENIO LA ESPERANZA S.A.,INGENIO LA ESPERANZA S.A.,14133,PROCESAMIENTO CULTIVOS INDUSTRIALES
BEAU LIEU S.A.,BEAU LIEU S.A.,14133,BODEGA VITIVINICOLA
EL MORO SRL,EL MORO SRL,14133,BODEGA VITIVINICOLA
FINCAS PATAGONICAS S.A.,FINCAS PATAGONICAS S.A.,14133,INDUSTRIA VITIVINICOLA
AGRO ROCA SA,AGRO ROCA SA,14133,EMPAQUE DE FRUTAS NO CITRICAS
PATAGONIAN FRUITS TRADE SA,PATAGONIAN FRUITS TRADE SA,14133,EMPAQUE DE FRUTAS NO CITRICAS
LAS TREINTA S.A.,LAS TREINTA S.A.,14133,PROCESAMIENTO DE TE
FRUTICULTORES UNIDOS CENTENARIO SRL,FRUTICULTORES UNIDOS CENTENARIO SRL,14133,FRIGORIFICOS PARA  FRUTAS
ENZA ZADEN ARGENTINA S.R.L.,ENZA ZADEN ARGENTINA S.R.L.,14133,SIN DEFINIR
GRUPO PEÑAFLOR SA,GRUPO PEÑAFLOR SA,14133,FRIGORIFICO PARA  MOSTO
THE O´S TRADING COMPANY S.A.,THE O´S TRADING COMPANY S.A.,14133,SIN DEFINIR
AGLH S.A.,AGLH S.A.,14133,PROCESAMIENTO APICOLA
DIETETICA CIENTIFICA S.A.C.I.F.I.,DIETETICA CIENTIFICA S.A.C.I.F.I.,14133,PROCESAMIENTO CEREALES Y OLEAGINOSAS
DROGUERIA HIERBAS DEL OASIS SRL,DROGUERIA HIERBAS DEL OASIS SRL,14133,"FRACCIONAMIENTO DE TE, YERBA MATE"
EL MAITEN S.R.L.,EL MAITEN S.R.L.,14133,PROCESAMIENTO APICOLA
EL MAITEN S.R.L.,EL MAITEN S.R.L.,14133,OTROS
I Y R. SAN MARTIN DEL TABACAL S.R.L.,I Y R. SAN MARTIN DEL TABACAL S.R.L.,14133,PROCESAMIENTO CULTIVOS INDUSTRIALES
INNOCENTI MONICA,INNOCENTI MONICA,14133,PROCESAMIENTO FRUTALES Y HORTALIZAS
NEXCO SA,NEXCO SA,14133,FRACCIONAMIENTO DE MIEL
SASAKI NOOSAN SRL,SASAKI NOOSAN SRL,14133,"ELABORACION, FRACCIONAMIENTO Y EMPAQUE"
TENAX S.A.,TENAX S.A.,14133,PROCESAMIENTO FRUTALES Y HORTALIZAS
VIRTUD S.A.,VIRTUD S.A.,14133,ELABORACION
GRUPO PEÑAFLOR SA,GRUPO PEÑAFLOR SA,14133,BODEGA VITIVINICOLA
PROMET SA,PROMET SA,14133,EXTRACCION DE ACEITE
JL SA,JL SA,14133,ACOPIO Y ACONDICIONAMIENTO DE GRANOS
NEOFARMS S.R.L.,NEOFARMS S.R.L.,14133,ACOPIO Y ACONDICIONAMIENTO DE GRANOS
ORGANIC LATIN AMERICA S.A.,ORGANIC LATIN AMERICA S.A.,14133,PROCESAMIENTO CEREALES Y OLEAGINOSAS
LITORAL CITRUS SA,LITORAL CITRUS SA,14133,"ELABORACION DE JUGOS CONCENTRADOS, ACEITE ESCENCIAL Y PULPA DE CITRICOS"
COOPERATIVA VITIVINIFRUTICOLA  LA RIOJANA LTDA.,COOPERATIVA VITIVINIFRUTICOLA  LA RIOJANA LTDA.,14133,EXTRACCION DE ACEITE
VALLE DE LA PUERTA S.A.,VALLE DE LA PUERTA S.A.,14133,BODEGA VITIVINICOLA
ARGENTBIO S.R.L.,ARGENTBIO S.R.L.,14133,PROCESAMIENTO FRUTALES Y HORTALIZAS
CASA SANCTE PETRE S.A.,CASA SANCTE PETRE S.A.,14133,INDUSTRIA VITIVINICOLA
CK Y ASOCIADOS S.A.,CK Y ASOCIADOS S.A.,14133,EXTRACCION DE ACEITE
LIPTOV S.A.,LIPTOV S.A.,14133,SECADO
LOGISTICA DEL VALLE COMERCIAL S.A.,LOGISTICA DEL VALLE COMERCIAL S.A.,14133,BODEGA VITIVINICOLA
LOPEZ LOPEZ MANUEL,LOPEZ LOPEZ MANUEL,14133,BODEGA VITIVINICOLA
MONTLAIZ S.R.L.,MONTLAIZ S.R.L.,14133,BODEGA VITIVINICOLA
COOPERATIVA AGROPECUARIA BIODINAMICA LA ABUNDANCIA LTDA.,COOPERATIVA AGROPECUARIA BIODINAMICA LA ABUNDANCIA LTDA.,14133,DEPOSITO DE YERBA
KOTH ITATI MARIA EVANGELINA,KOTH ITATI MARIA EVANGELINA,14133,PROCESAMIENTO CULTIVOS INDUSTRIALES
JUGOS DEL SUR S.A.,JUGOS DEL SUR S.A.,14133,ELABORACION DE JUGO CONCENTRADO DE MANZANA Y PERA
BIOFERT S.R.L.,BIOFERT S.R.L.,14133,EMPAQUE DE FRUTAS NO CITRICAS
JUGOS LUGA S.A.,JUGOS LUGA S.A.,14133,PROCESAMIENTO FRUTALES Y HORTALIZAS
LOZANO S.R.L.,LOZANO S.R.L.,14133,EMPAQUE DE FRUTAS NO CITRICAS
PATAGONIAN FRUITS TRADE SA,PATAGONIAN FRUITS TRADE SA,14133,EMPAQUE DE FRUTAS NO CITRICAS
ECO FOOD SRL,ECO FOOD SRL,14133,PROCESAMIENTO DE CEREALES Y OLEAGINOSAS.
FABRIL ALTO VERDE S.A.,FABRIL ALTO VERDE S.A.,14133,BODEGA VITIVINICOLA
SOL FRUT SA,SOL FRUT SA,14133,EXTRACCION DE ACEITE
ALOE CALCHAQUI S.R.L.,ALOE CALCHAQUI S.R.L.,14133,PROCESAMIENTO CULTIVOS INDUSTRIALES
COOPSOL LTDA.,COOPSOL LTDA.,14133,FRACCIONAMIENTO DE MIEL
DROGUERIA HIERBAS DEL OASIS SRL,DROGUERIA HIERBAS DEL OASIS SRL,14133,SIN DEFINIR
EDCO GRAINS S.A.,EDCO GRAINS S.A.,14133,SIN DEFINIR
ESTANCIA LAGUNA VERDE S.A.,ESTANCIA LAGUNA VERDE S.A.,14133,SIN DEFINIR
"GREGORIO, NUMO Y NOEL WERTHEIN SA ","GREGORIO, NUMO Y NOEL WERTHEIN SA ",14133,SIN DEFINIR
LONGEVORGANICA SRL,LONGEVORGANICA SRL,14133,SIN DEFINIR
ORGANIC LATIN AMERICA S.A.,ORGANIC LATIN AMERICA S.A.,14133,SIN DEFINIR
PRINEX S.A.,PRINEX S.A.,14133,SIN DEFINIR
SANTA ANITA OIL S.A.,SANTA ANITA OIL S.A.,14133,SIN DEFINIR
EL TALADRILLO SRL,EL TALADRILLO SRL,14133,SIN DEFINIR
MALEFU AGROPECUARIA S.R.L.,MALEFU AGROPECUARIA S.R.L.,14133,SIN DEFINIR
REGINA SA,REGINA SA,14133,SIN DEFINIR
RAFAGOS SA,RAFAGOS SA,14133,SIN DEFINIR
ECOFRUT S.A.,ECOFRUT S.A.,14133,SIN DEFINIR
EXPOFRUT ARGENTINA S.A.,EXPOFRUT ARGENTINA S.A.,14133,SIN DEFINIR
LOS CHARITOS S.R.L.,LOS CHARITOS S.R.L.,14133,SIN DEFINIR
RODRIGUEZ NOCETTI S.R.L.,RODRIGUEZ NOCETTI S.R.L.,14133,SIN DEFINIR
TERMINAL DE CARGAS AEREAS SA,TERMINAL DE CARGAS AEREAS SA,14133,SIN DEFINIR
ILGNER ANGEL E. Y PRESA STELLA M.,LOTE 118 Y  LA ALICIA,14133,AGRICULTURA
CAMINOS DE JUSTO SA.,CAMINOS DE JUSTO,14133,FRUTICULTURA/HORTICULTURA
LA PROVIDENCIA SRL,LA PROVIDENCIA,14133,AGRICULTURA
EL MAITEN S.R.L.,EL ALFILERILLO / EL REMOLINO / DON PEDRO / BARUSO / EL MORRO,14133,APICULTURA
CANTINIAN SA,CANTINIAN,14133,FRUTICULTURA
EMPRESA COMERCIAL EXPORTADORA S.A.,LAS 3 F,14133,FRUTICULTURA
FRUTOS DE SANTA ROSA S.A.,FRAY LUIS BELTRAN,14133,FRUTICULTURA
LAIANA S.R.L.,LAIANA,14133,FRUTICULTURA
LLIHUE S.A.,FINCA CAYANTA,14133,FRUTICULTURA
SANCHEZ PEDRO PASCUAL,FINCA LAS PAREDES,14133,FRUTICULTURA/HORTICULTURA
VALENCIA MIGUEL,LA SERENA,14133,FRUTICULTURA
VALENTIN BIANCHI SACIF,FINCA DOÑA ELSA,14133,FRUTICULTURA
VIÑAS DE CUYO S.A.,FINCA AGRELO,14133,FRUTICULTURA
ANIAYA HILARIO/ ALBERT,IFAI - LOTE 51,14133,AGRICULTURA
BAEZ ESTELA MARI,IVU,14133,FRUTICULTURA
BAUMGRATZ ALOISIO,KA´A PORÀ,14133,AGRICULTURA
DE OLIVERA CARLOS ORLANDO,IFAI - LOTE 19,14133,AGRICULTURA
DE OLIVERA HECTOR ANDRES/ DA SEQUEIRA SULEMA MABEL,IFAI - LOTE 4,14133,AGRICULTURA
FERREYRA LIDIO RAMON/ELIZARDO GABRIEL,IFAI - LOTE 150,14133,AGRICULTURA
FISCHER ARMINDO,IFAI - LOTE 72,14133,AGRICULTURA
GOMEZ ROSALINO/ M. FATIMA DA SILVEIRA,IFAI - LOTE 123,14133,AGRICULTURA
KREUNING JORGE,IFAI - LOTE 96,14133,AGRICULTURA
LAS TREINTA S.A.,DOROSZ,14133,AGRICULTURA
NOREMBERG ROSSEMARIE HAIDEE,IFAI - LOTE 8 Y 9,14133,AGRICULTURA
OLIVERA RUBEN / JAKIMZUK LIDIA / OLIVERA CESAR,IFAI - LOTE 199,14133,AGRICULTURA
PRICHODA TEODORO BASILIO/ JORGE RICARDO,IFAI - LOTE 10,14133,AGRICULTURA
RAMOS HILARIO LECER / HAMMERSMITH CLAUDIO /  HAMERSMITH CRISTINA MABEL / RAMOS NELCI MABEL,IFAI - LOTE 17,14133,AGRICULTURA
RODRIGUEZ MIGUEL CEFERINO,IFAI - LOTE 82 /103,14133,AGRICULTURA
SOSA DA SILVA JUAN,IFAI - LOTE 61,14133,AGRICULTURA
DALLA VILLA ALBERTO RAUL,LA NUEVA,14133,FRUTICULTURA
LA DELICIOSA S.A.,EL CONDOR,14133,FRUTICULTURA
R.O.S.T. FRUIT S.A.,CHACRA 2,14133,FRUTICULTURA
BODEGA NOEMIA DE PATAGONIA SA,BODEGA NOEMIA DE PATAGONIA SA,14133,FRUTICULTURA
BODEGA NOEMIA DE PATAGONIA SA,CHACRA 357 LOTE 2B MAINQUE,14133,FRUTICULTURA
CERES S.A.,ECO-CAÑADON,14133,FRUTICULTURA
COSTA DEL RIO S.A.,CAÑADON I,14133,FRUTICULTURA
ESTABLECIMIENTO SOLEDAD SA,CHACRA Nº 385,14133,FRUTICULTURA
FRESCURAS ORGANICAS PATAGONICAS S.A.,CHACRA ABEL,14133,FRUTICULTURA
FRESCURAS ORGANICAS PATAGONICAS S.A.,CHACRA MITRE,14133,FRUTICULTURA
JOSE BARRESI S.A.,CHACRA 198 LOTE 5,14133,FRUTICULTURA
LAINO HERMANOS S.A.,CHACRA 197,14133,FRUTICULTURA
"MARTIN, OSCAR ALFREDO",GRANDE,14133,FRUTICULTURA
MOSCHINI ANDRES ALBERTO,LA COLORADA,14133,FRUTICULTURA
NATURAL S.R.L,LA TACUARA,14133,FRUTICULTURA
ORGANICOS LA MARGARITA S.R.L.,LA MARGARITA,14133,FRUTICULTURA
OTTONE EDUARDO,CHACRA N° 255,14133,FRUTICULTURA
PAISSANIDIS S.A.C.I.A.,155,14133,FRUTICULTURA
QUANTUM S.R.L.,CHACRA A-365,14133,FRUTICULTURA
"RISKIN, HECTOR SERGIO",SERGIO RISKIN,14133,FRUTICULTURA
ROSAUER JUAN ERICH,ZOILO S.A.,14133,FRUTICULTURA
BODEN ALFREDO EDUARDO,SAN AGUSTIN,14133,AGRICULTURA
"COOPERATIVA DE PROVISION DE SERVICIOS PARA PRODUCTORES RURALES ""LA ESCONDIDA LTDA"".",FINCA CARRATALA,14133,AGRICULTURA
EL OMBU SRL,FINCA SANTA ROSA,14133,AGRICULTURA
IMPORTADORA DEL CARMEN S.A.,FINCA BELLA VISTA,14133,AGRICULTURA
TERMINAL DE CARGAS AEREAS SA,LA HERCILIA,14133,AGRICULTURA
VIÑEDOS PUCARA S.R.L.,EL RECUERDO,14133,FRUTICULTURA/AGRICULTURA
CASSAB AHUN S.R.L,"FINCAS LA VILLA, DISAGRO Y ANITA",14133,FRUTICULTURA/HORTICULTURA
"CRESCENTINO, HECTOR HUGO",ECOHUMUS,14133,FRUTICULTURA
EAD AGRICOLA SA (EX CARNES ANDINAS SA),EAD AGRICOLA SA,14133,FRUTICULTURA
PEÑAVID SA,FINCA LAS MORAS,14133,FRUTICULTURA
JANJETIC HNOS.,FINCAS DEL CONLARA,14133,AGRICULTURA
SASSOLI ALBERTO ANDRES,LA ESCONDIDA,14133,
DICIEMBRE S.R.L.,LA CARLOTA,14133,GANADERIA
ESTANCIA LAGUNA VERDE S.A.,ESTANCIA LAGUNA VERDE,14133,ACUICULTURA
EL ROBLE EMPRENDIMIENTOS S.A.,EL ROBLE,14133,AGRICULTURA
FRANCUCCI DANIEL,DIETETICA ALBERDI,14133,APICULTURA
LA NUEVA FLORIDA S.A.,SAN CARLOS,14133,GANADERIA
LOPEZ GRACIELA M.,DULCES DEL JARDIN,14133,FRUTICULTURA/HORTICULTURA
V. Y V. S.A.,LAS BRISAS,14133,HORTICULTURA
FIDEICOMISO BERRIES DEL NOA 2007,FINCA EL MOLINO,14133,FRUTICULTURA/HORTICULTURA
NURISTAN S.A.,NURISTAN,14133,FRUTICULTURA/HORTICULTURA
TERMINAL DE CARGAS AEREAS SA,TACO RALO,14133,AGRICULTURA
VALDES S.R.L.,ARTF 002 B12 M / VALDES SRL (PLANTA),14133,ACUICULTURA
COOPERATIVA CREO FRUTIHORTICOLA ORGANICA LTDA.,COOPERATIVA CREO FRUTIHORTICOLA ORGANICA LTDA.,14133,INDUSTRIALIZACION DE YERBA MATE
LA ESQUINA DE LAS FLORES SRL,LA ESQUINA DE LAS FLORES SRL,14133,PROCESAMIENTO DE TE Y MOLINO YERBA MATE
MOLINO MAYAL,MOLINO MAYAL,14133,PROCESAMIENTO DE CEREALES Y OLEAGINOSAS.
PRONAT S.A.,PRONAT S.A.,14133,PROCESAMIENTO CULTIVOS INDUSTRIALES
ORGANIC LATIN AMERICA S.A.,ORGANIC LATIN AMERICA S.A.,14133,PROCESAMIENTO CEREALES Y OLEAGINOSAS
LAIANA S.R.L.,LAIANA S.R.L.,14133,BODEGA VITIVINICOLA
MASI TUPUNGATO VIGNETI LA ARBOLEDA SA,MASI TUPUNGATO VIGNETI LA ARBOLEDA SA,14133,BODEGA VITIVINICOLA
COOPERATIVA AGRICOLA MIXTA DE MONTECARLO LIMITADA,COOPERATIVA AGRICOLA MIXTA DE MONTECARLO LIMITADA,14133,PROCESAMIENTO CULTIVOS INDUSTRIALES
LA CACHUERA S.A.,LA CACHUERA S.A.,14133,PROCESAMIENTO CULTIVOS INDUSTRIALES
ALVIPA SRL,ALVIPA SRL,14133,SECADO DE FRUTAS
LA VOLUNTAD S.A.,LA VOLUNTAD S.A.,14133,PROCESAMIENTO CEREALES Y OLEAGINOSAS
BGA MONTLAIZ S.A.,BGA MONTLAIZ S.A.,14133,SIN DEFINIR
GARCIA MARIA NELIDA,EL PUENTE,06035,FRUTICULTURA/HORTICULTURA
SAN JOSE S.A.,DOÑA FELICITA,06035,FRUTICULTURA
SANCHEZ PEDRO Y OMAR SH,SANCHEZ PEDRO Y OMAR SH,06035,FRUTICULTURA
EL MORO SRL,EL MORO SRL,06035,BODEGA VITIVINICOLA
LOS CORRALITOS SA,LOS CORRALITOS SA,06035,EMPAQUE DE HORTALIZAS
KRAUS S.A.,KRAUS S.A.,54119,PROCESAMIENTO CULTIVOS INDUSTRIALES
PETROAGRO S.A.,PETROAGRO S.A.,54119,PROCESAMIENTO CEREALES Y OLEAGINOSAS
AGRICOLA ORGANICA SRL,AGRICOLA ORGANICA EX/FORESTAL ANDINA DE DIEGO IGLESIAS,62049,AGRICULTURA
PROVIDENCE SA,PROVIDENCE SA,26091,ELABORACION GRANOS
CUYEN SRL,CUYEN SRL,62049,ELABORACION DE DULCES
DANIEL ORLANDO BAZAN RICHIBUT,DANIEL ORLANDO BAZAN RICHIBUT,62049,FRACCIONAMIENTO DE MIEL
MIELSO SRL,MIELSO SRL,82007,PROCESAMIENTO APICOLA
NUTRACEUTICA STURLA SRL,NUTRACEUTICA STURLA SRL,14133,PROCESAMIENTO CEREALES Y OLEAGINOSAS
SPECIAL GRAINS S.A.,SPECIAL GRAINS S.A.,14133,PROCESAMIENTO CEREALES Y OLEAGINOSAS
BLANCO JOSE,BLANCO JOSE,14133,BODEGA VITIVINICOLA
BODEGA PIEDRA NEGRA S.A.,BODEGA PIEDRA NEGRA S.A.,06035,BODEGA VITIVINICOLA
GRUPO PEÑAFLOR SA,GRUPO PEÑAFLOR SA,70028,BODEGA VITIVINICOLA
PALUMBO GOTTARDINI CARLOS ROBERTO,PALUMBO GOTTARDINI CARLOS ROBERTO,70028,INDUSTRIA VITIVINICOLA
COOP. AGRICOLA RUIZ DE MONTOYA LTDA.,COOP. AGRICOLA RUIZ DE MONTOYA LTDA.,70028,"SECADERO , MOLINO Y FRACCIONAMIENTO DE TE, YERBA MATE"
LA OBEREÑA S.R.L.,LA OBEREÑA S.R.L.,70028,MOLINO DE YERBA MATE
FINCA DEL PARANA DE PIERINO CAMPETELLI,FINCA DEL PARANA DE PIERINO CAMPETELLI,70028,ELABORACION DE DULCES Y FRUTAS EN ALMIBAR
GRUPO ADN S.A.,GRUPO ADN S.A.,70028,SIN DEFINIR
ORGANIC SUPPLIERS S.R.L,ORGANIC SUPPLIERS S.R.L,06161,SIN DEFINIR
PETROAGRO SA,PETROAGRO SA,06161,SIN DEFINIR
"LORENZATI, RUETSCH Y CIA - LR&C SA","LORENZATI, RUETSCH Y CIA - LR&C SA",06287,SIN DEFINIR
COOPSOL LTDA.,COOPSOL LTDA.,10070,SIN DEFINIR
MORAES LUCAS,IFAI - LOTE 71 Y SOBRANTE,14133,AGRICULTURA
ESTABLECIMIENTO LAS MARIAS S.A.C.I.F.A.,ESTABLECIMIENTO LAS MARIAS S.A.C.I.F.A.,14133,PROCESAMIENTO CULTIVOS INDUSTRIALES
"GREGORIO, NUMO Y NOEL WERTHEIN SA ","GREGORIO, NUMO Y NOEL WERTHEIN SA ",06161,EMPAQUE DE FRUTAS NO CITRICAS
CITROMAX S.A.C.I,CITROMAX S.A.C.I,14133,INDUSTRIALIZACION DE LIMON
LA DELICIOSA S.A.,LA DELICIOSA S.A.,06287,SIN DEFINIR
KUMAGRO S.A.,CAMPO ALVEAR,06770,AGRICULTURA
"LONGO, PASCUAL",PASCUAL LONGO,66133,FRUTICULTURA
SORIANO SACIFIA Y DE M,BAHIA BUSTAMANTE,06035,FRUTICULTURA
HAROIAN NELSON EDGARDO,FINCA EL OLLERO,10070,AGRICULTURA
ENGER LIZARDO LUIS,IFAI - LOTE 152,14133,AGRICULTURA
MACHADO MIGUEL/SOLIS ELBA BEATRIZ/MACHADO FABIANA,IFAI - LOTE 14 B,14133,AGRICULTURA
STECIUK MARIO RICARDO / STECIUK ABEL,IFAI - LOTE 233,14133,AGRICULTURA
SUAREZ MARIA NELLI,IFAI - LOTE QTA 13,14133,AGRICULTURA
COMPAÑIA GENERAL DE FRUTAS S.A.,HILDA,14133,FRUTICULTURA
COMPAÑIA GENERAL DE FRUTAS S.A.,SECCION PRIMERA,14133,FRUTICULTURA
JOSE BARRESI S.A.,CHACRA 154,14133,FRUTICULTURA
BODEGAS NANNI S.A.,SAN JOSE DE CHIMPA,14133,FRUTICULTURA
LA VOLUNTAD S.A.,EL TRAMPEADERO,14133,AGRICULTURA
V. Y V. S.A.,V. Y V. S.A.,14133,"ELABORACION, FRACCIONAMIENTO, ALMACENAMIENTO, CONGELADO"
TERMINAL DE CARGAS AEREAS SA,CAMPO MERCEDES,14133,AGRICULTURA
SKUBIC MIGUEL GREGORIO,AUSTRALIS VINAGRAD,14133,FRUTICULTURA
FUHRMANN S.A,FUHRMANN S.A,14133,PROCESAMIENTO TEXTIL
PARRA SA,PARRA SA,06035,EXTRACCION DE ACEITE Y ELABORACION DE ACEITUNAS Y OTROS
EDUARDO POMPEYO ROJAS,EDUARDO POMPEYO ROJAS,54119,SIN DEFINIR
MISKA S.A,MISKA S.A,54119,SIN DEFINIR
DELLA GASPERA ALDO,CIPOLLETTI,62049,FRUTICULTURA
TESTONI VICTOR,TESTONI VICTOR,82007,EMPAQUE DE HORTALIZAS
MIRAVALLES S.A.,E-30686,62049,FRUTICULTURA/HORTICULTURA
RODRIGUEZ NOCETTI S.R.L.,URUNDEL,14133,AGRICULTURA
PONCHO VERDE S.A.,PONCHO VERDE,14133,FRUTICULTURA/HORTICULTURA
VONO SA,ALGODONERA PYMA,14133,FRUTICULTURA
DURAN AMBROSIO,IFAI - LOTE 44,14133,AGRICULTURA
PRIETTO ANGEL GABRIEL,IFAI - LOTE 19,14133,AGRICULTURA
SAINT ANTONIN - NAZAR S.H.,ANECON GRANDE,54119,GANADERIA
FINCA DEL PARANA DE INGENIERO PIERINO CAMPETELLI,FINCA DEL PARANA,26091,FRUTICULTURA
GASPARETTI MAURICIO,EL AGUARIBAY,14133,FRUTICULTURA/HORTICULTURA
LA DELICIOSA S.A.,FRUTICOLA PATAGONIA,14133,FRUTICULTURA
CUADRADA PRODUCTIONS S.R.L.,CUADRADA PRODUCTIONS S.R.L.,14133,OTROS
BODEGAS ESMERALDA SA,BODEGAS ESMERALDA SA,14133,BODEGA VITIVINICOLA
HEGUILOR GUILLERMO JULIO,HEGUILOR GUILLERMO JULIO,22168,SECADO - DESPALILLADO - EMBOLSADO
FRANCO BATTAN NERY,FRANCO BATTAN NERY,22168,SIN DEFINIR
MONTLAIZ S.R.L.,DON HUGO,22105,FRUTICULTURA
ANGER JORGE/JUNIOR FABIAN,IFAI - LOTE 144,10070,AGRICULTURA
DON DANIEL DE  ABELARDO E. LEIVA Y GRACIELA S. CANTO,ANGACO,66028,FRUTICULTURA
LUNA HIPOLITO EDGARDO,LUNA HIPOLITO EDGARDO,26014,PROCESAMIENTO CEREALES Y OLEAGINOSAS
DON TIBURCIO S.H.,LA RUFINA Y SECCION LA PAVA,26014,GANADERIA
"SANCHEZ, PEDRO",LOS CEDROS,26014,FRUTICULTURA
OLIVOS ARGENTINOS SA,OLIVOS ARGENTINOS SA,10070,EXTRACCION DE ACEITE
BODEGAS ESMERALDA S.A.,BODEGAS ESMERALDA S.A.,10070,BODEGA VITIVINICOLA
DA SILVA ARI/JOSE,IFAI - LOTE 72,10070,AGRICULTURA
LA DELICIOSA S.A.,BIOPATAGONIA,10070,FRUTICULTURA
"MUÑOZ, MIGUEL","MUÑOZ, MIGUEL",50084,FRUTICULTURA
GONZALEZ ALDO DONATO,GONZALEZ ALDO DONATO,50084,FRUTICULTURA
